date,status,days,mean_above_82,se_above_82,mean_bw_80_82,se_bw_80_82,mean_below_80,se_below_80
2018-06-22,invaded,1,1231.6666666666667,252.04917750071687,21.666666666666668,26.996071543613134,186.66666666666666,229.7956931843167
2018-06-22,native,1,960,140.14602773860233,30.833333333333332,12.583057392117915,449.1666666666667,140.07844122836923
2018-06-23,invaded,2,1125.4166666666667,262.188848779353,46.25,52.79139909286188,268.3333333333333,262.3870608413641
2018-06-23,native,2,940.4166666666666,121.53297968664782,31.666666666666668,17.880071859390547,467.9166666666667,133.10041208414683
2018-06-24,invaded,3,1060,220.90722034374522,41.25,25.94793738518448,338.75,229.1201054627741
2018-06-24,native,3,966.25,126.42146322375946,37.5,19.364916731037084,436.25,123.6954654860807
2018-06-25,invaded,4,1028.3333333333333,191.06559241805056,24.166666666666668,20.541901006715445,387.5,196.19679359811622
2018-06-25,native,4,960.8333333333334,87.82299691925111,27.5,16.16674476707158,451.6666666666667,93.06237725636532
2018-06-26,invaded,5,1132.0833333333333,128.8490719149088,16.666666666666668,15.859229221975182,291.25,122.69928131967048
2018-06-26,native,5,1097.0833333333333,34.34175389531031,22.5,22.105120755977868,320.4166666666667,52.89175624601511
2018-06-27,invaded,6,1387.0833333333333,124.1417506015774,9.583333333333334,22.6091627979508,43.333333333333336,102.29932314121885
2018-06-27,native,6,1306.25,128.135670287395,17.5,10.766108438479101,116.25,123.93409172180627
2018-06-28,invaded,7,1393.3333333333333,110.31634951219591,10.833333333333334,30.51328573032747,35.833333333333336,83.68863649736372
2018-06-28,native,7,1312.5,103.09968697598191,13.333333333333334,10.940611029415575,114.16666666666667,100.63058755425783
2018-06-29,invaded,8,1397.5,99.350161275433,5.416666666666667,13.048568945104728,37.083333333333336,86.92887200394807
2018-06-29,native,8,1325.4166666666667,104.21695755693621,15.833333333333334,16.764862244009226,98.75,101.80473734288864
2018-06-30,invaded,9,1417.5,53.236180451746435,9.166666666666666,26.097137890209456,13.333333333333334,31.790030836821483
2018-06-30,native,9,1404.5833333333333,58.01482307970694,5,8.257228238447706,30.416666666666668,55.286786738594124
2018-07-01,invaded,10,1395.4166666666667,105.60342481820054,11.25,25.237508161104536,33.333333333333336,80.71648849616486
2018-07-01,native,10,1347.0833333333333,114.66271355060405,30,43.84891415676417,62.916666666666664,101.38715924911823
2018-07-02,invaded,11,1273.3333333333333,198.5095982718735,25.833333333333332,29.29732638541158,140.83333333333334,192.56443234943623
2018-07-02,native,11,1097.9166666666667,171.0456921055856,24.583333333333332,16.43974304893941,317.5,173.34280277163882
2018-07-03,invaded,12,1422.0833333333333,57.42419245220501,2.9166666666666665,6.200562046860727,15,51.96152422706632
2018-07-03,native,12,1412.9166666666667,48.26340291158572,8.333333333333334,16.560266430297073,18.75,33.85295743761137
2018-07-04,invaded,13,1405.4166666666667,56.586953737883206,9.166666666666666,16.072751268321593,25.416666666666668,41.69468754765971
2018-07-04,native,13,1362.0833333333333,77.70744475078928,10,11.281521496355325,67.91666666666667,80.23993375930073
2018-07-05,invaded,14,1434.5833333333333,18.76388374866284,1.6666666666666667,5.773502691896257,3.75,12.99038105676658
2018-07-05,native,14,1300.8333333333333,284.43591172492245,13.75,24.599057631617445,125.41666666666667,260.3883317918323
2018-07-06,invaded,15,1397.9166666666667,123.79341907411963,8.333333333333334,18.62712261648849,33.75,107.8113883341897
2018-07-06,native,15,1298.3333333333333,284.66354408904095,7.5,10.552897060221726,134.16666666666666,277.3399074104271
2018-07-07,invaded,16,1365.4166666666667,135.30199107137628,9.583333333333334,19.93835195766889,65,118.68598753165277
2018-07-07,native,16,1235.8333333333333,263.04884901800455,18.333333333333332,26.996071543613134,185.83333333333334,260.47014602387156
2018-07-08,invaded,17,1302.0833333333333,205.718898382028,20,23.64510327934537,117.91666666666667,195.54653402629506
2018-07-08,native,17,1205.8333333333333,248.13699783984185,23.75,28.613807855648993,210.41666666666666,244.5446448674216
2018-07-09,invaded,18,1387.5,96.5189571582137,10,12.96849328880646,42.5,85.02673376383133
2018-07-09,native,18,1337.0833333333333,117.55962381496103,11.666666666666666,10.940611029415573,91.25,109.54710485365727
2018-07-10,invaded,19,1202.9166666666667,238.76060979122744,26.666666666666668,25.524794837866015,210.41666666666666,226.90064238593843
2018-07-10,native,19,1117.9166666666667,152.0235976499183,29.166666666666668,21.724863566192926,292.9166666666667,155.2630953828977
2018-07-11,invaded,20,1102.0833333333333,261.40753913219777,22.083333333333332,19.477064989521924,315.8333333333333,249.7256069927127
2018-07-11,native,20,1035.8333333333333,166.19858512324856,23.75,17.98041864210771,380.4166666666667,158.005441985299
2018-07-12,invaded,21,1105.8333333333333,250.88781749956888,29.166666666666668,26.953945008387016,305,246.62264144382056
2018-07-12,native,21,1033.75,166.1615451628598,37.5,24.633679826980416,368.75,170.4156016118456
2018-07-13,invaded,22,1083.3333333333333,248.37044668776272,45.416666666666664,46.19417187429076,311.25,237.72716408827694
2018-07-13,native,22,1021.6666666666666,159.0787874169922,40,28.36451047604126,378.3333333333333,158.16178904890876
2018-07-14,invaded,23,1213.3333333333333,210.30641425973644,35.833333333333336,29.91148558157835,190.83333333333334,186.76471991803112
2018-07-14,native,23,1174.5833333333333,136.40611712045316,41.25,24.78315043440897,224.16666666666666,116.90775954753492
2018-07-15,invaded,24,1253.3333333333333,160.71337181077337,34.583333333333336,25.801544468688242,152.08333333333334,153.20008208716845
2018-07-15,native,24,1226.6666666666667,130.459560668036,30.833333333333332,30.80977806220655,182.5,116.4142290584477
2018-07-16,invaded,25,1218.3333333333333,213.09764442763338,38.333333333333336,28.709622502610934,183.33333333333334,201.57711510321138
2018-07-16,native,25,1225.8333333333333,150.48155026346907,57.5,36.02398191104466,156.66666666666666,141.41064209234642
2018-07-17,invaded,26,1375.8333333333333,68.91474750909578,11.25,15.244223943394548,52.916666666666664,65.5902685871413
2018-07-17,native,26,1369.1666666666667,54.01318581998513,10,7.977240352174657,60.833333333333336,51.47079195274175
2018-07-18,invaded,27,1440,0,0,0,0,0
2018-07-18,native,27,1411.25,99.59292143521044,2.9166666666666665,10.10362971081845,25.833333333333332,89.489291724392
2018-07-19,invaded,28,1440,0,0,0,0,0
2018-07-19,native,28,1328.3333333333333,386.82468035704926,0.4166666666666667,1.4433756729740643,87.91666666666667,304.55226699752757
2018-07-20,invaded,29,1440,0,0,0,0,0
2018-07-20,native,29,1314.5833333333333,388.2095166116858,12.916666666666666,44.744645862196,22.5,77.94228634059948
2018-07-21,invaded,30,1433.3333333333333,15.56997888323046,4.166666666666667,10.624442944398913,2.5,7.229988054812212
2018-07-21,native,30,1242.9166666666667,389.3144226675525,3.75,6.4402851433203425,133.75,243.54507702980683
2018-07-22,invaded,31,1428.75,38.97114317029974,5,17.320508075688775,6.25,21.650635094610966
2018-07-22,native,31,1135,528.9423409030516,35.45454545454545,70.90326316378342,269.54545454545456,476.7884989460975
2018-07-23,invaded,32,1365.4166666666667,177.32172011415418,24.166666666666668,61.379347034847505,50.416666666666664,171.52336619689794
2018-07-23,native,32,1203.1818181818182,337.2704606637878,26.363636363636363,49.50206607258474,210.45454545454547,345.560809015248
2018-07-24,invaded,33,1406.6666666666667,113.90453206190887,5.833333333333333,18.68802890201169,27.5,95.26279441628824
2018-07-24,native,33,1241.8181818181818,284.1766416093406,22.272727272727273,41.85472711436764,175.9090909090909,289.0226477442398
2018-07-25,invaded,34,1381.25,115.99617940416674,18.333333333333332,29.873470545355836,40.416666666666664,94.06135167425501
2018-07-25,native,34,1297.7272727272727,206.42630205915665,15,23.558437978779494,127.27272727272727,201.11394328046524
2018-07-26,invaded,35,1430.8333333333333,28.74917653629668,2.0833333333333335,4.9810245994781095,7.083333333333333,24.537386440559096
2018-07-26,native,35,1358.6363636363637,170.89603431751874,7.2727272727272725,15.550504230351562,74.0909090909091,166.94038130150207
2018-07-27,invaded,36,1388.3333333333333,122.5363273284764,24.166666666666668,56.602013027699634,27.5,69.13425673676875
2018-07-27,native,36,1233.3333333333333,245.9705574891335,20.833333333333332,24.47942859305389,136.25,153.8169661997957
2018-07-28,invaded,37,1380.4166666666667,144.43397883609052,15,35.22653958181375,44.583333333333336,116.49148102550312
2018-07-28,native,37,1219.1666666666667,226.42310889665004,22.5,17.901244243195652,165.41666666666666,149.26270820471558
2018-07-29,invaded,38,1347.0833333333333,150.0675353016606,14.583333333333334,19.824036527468976,78.33333333333333,146.9590749051235
2018-07-29,native,38,1165.4166666666667,125.77863551301212,30.833333333333332,20.761999086326107,243.75,135.58165939254602
2018-07-30,invaded,39,1415,59.00693333683917,1.6666666666666667,3.892494720807615,23.333333333333332,55.15817475609796
2018-07-30,native,39,1393.75,92.1985259199852,6.666666666666667,8.348471099367218,39.583333333333336,85.10577197959269
2018-07-31,invaded,40,1440,0,0,0,0,0
2018-07-31,native,40,1231.6666666666667,488.8173730979947,4.583333333333333,13.048568945104726,202.08333333333334,474.61687100483925
2018-08-01,invaded,41,1440,0,0,0,0,0
2018-08-01,native,41,1352.2727272727273,290.9584475175419,3.6363636363636362,12.060453783110544,84.0909090909091,278.89799373443134
2018-08-02,invaded,42,1430.4166666666667,33.197640478403486,0.4166666666666667,1.4433756729740643,9.166666666666666,31.754264805429415
2018-08-02,native,42,1249.5454545454545,352.72832708371,11.818181818181818,19.528533902053077,178.63636363636363,349.10665210713836
2018-08-03,invaded,43,1417.0833333333333,55.28678673859413,16.25,48.94918515432844,6.666666666666667,23.09401076758503
2018-08-03,native,43,1138.3333333333333,412.3840516564699,17.5,25.090744399986512,224.58333333333334,299.404396133795
2018-08-04,invaded,44,1378.3333333333333,138.89717147020758,10.833333333333334,20.652243256245832,50.833333333333336,121.93204764303863
2018-08-04,native,44,1147.9166666666667,288.3295016385793,22.5,21.37330535547045,232.91666666666666,213.59965029479943
2018-08-05,invaded,45,1324.1666666666667,188.8943106767925,23.75,41.23794589717318,92.08333333333333,166.37113950624388
2018-08-05,native,45,1148.75,243.88079241525134,31.25,23.464189349265443,213.75,168.53816670524108
2018-08-06,invaded,46,1323.75,202.4410688660687,15,18.21587719046716,101.25,197.589162842316
2018-08-06,native,46,1090.4166666666667,155.49712557023702,25,14.301938838683885,305.4166666666667,123.05686662776046
2018-08-07,invaded,47,1273.75,203.05759371083948,33.333333333333336,36.82472818719245,132.91666666666666,194.67289970303491
2018-08-07,native,47,1138.3333333333333,104.41032109669594,34.583333333333336,21.685597790126778,267.0833333333333,107.79733369390522
2018-08-08,invaded,48,1333.3333333333333,112.19571644175541,18.333333333333332,21.881222058831145,88.33333333333333,110.62494649887425
2018-08-08,native,48,1269.1666666666667,76.03328617165383,14.583333333333334,13.221596199423352,156.25,76.19129632946033
2018-08-09,invaded,49,1400.8333333333333,77.71841168700963,5.416666666666667,9.64325796826074,33.75,74.56312152068938
2018-08-09,native,49,1356.25,78.1352266033934,13.75,13.505049560677799,70,66.64014624015385
2018-08-10,invaded,50,1381.6666666666667,137.05230145215853,6.25,14.943073798434328,52.083333333333336,122.98296876421794
2018-08-10,native,50,1197.5,162.1377080251117,24.166666666666668,14.115325863841196,218.33333333333334,168.86429911367148
2018-08-11,invaded,51,1251.25,223.24186842566476,26.666666666666668,28.471144350132132,162.08333333333334,217.36498770222371
2018-08-11,native,51,1135.8333333333333,121.39030464005789,45.416666666666664,55.53288678928474,259.1666666666667,153.01267525234238
2018-08-12,invaded,52,1393.3333333333333,116.85914857665448,5.833333333333333,14.590366269521402,40.833333333333336,112.63039581128206
2018-08-12,native,52,1362.9166666666667,107.7973336939052,21.25,32.20142571660171,55.833333333333336,98.25369142575701
2018-08-13,invaded,53,1394.5833333333333,82.39203219788288,9.583333333333334,16.713948085538036,35.833333333333336,68.94771844512245
2018-08-13,native,53,1358.75,66.74663764088523,15,13.314380468978918,66.25,62.052946600610206
2018-08-14,invaded,54,1320.4166666666667,196.0108801865732,21.25,40.5151486820334,98.33333333333333,180.06732747570402
2018-08-14,native,54,1298.75,143.41809509263467,29.166666666666668,25.56927607086049,112.08333333333333,140.54210519745794
2018-08-15,invaded,55,1337.9166666666667,101.20766978960846,8.75,12.99038105676658,93.33333333333333,102.87532908007312
2018-08-15,native,55,1286.25,56.493161291675584,18.75,43.491117170374835,135,72.86350876186864
2018-08-16,invaded,56,1371.25,128.36604266351327,17.5,33.54101966249684,51.25,105.01352726716168
2018-08-16,native,56,1255.4166666666667,160.48871856887257,20,16.651508258194728,164.58333333333334,146.96100802181468
2018-08-17,invaded,57,1368.3333333333333,105.01803596900811,22.083333333333332,42.39738056517027,49.583333333333336,92.99213880101843
2018-08-17,native,57,1238.3333333333333,292.55406130812605,20.416666666666668,28.955948779084583,181.25,272.3727809789037
2018-08-18,invaded,58,1307.5,165.33024801617793,28.75,42.0565096031518,103.75,144.1294399300346
2018-08-18,native,58,1163.75,231.26259179477418,19.166666666666668,17.55942292142123,210.83333333333334,171.09053070514946
2018-08-19,invaded,59,1272.9166666666667,204.19974994790732,23.333333333333332,33.257489473208985,143.75,192.04787518646583
2018-08-19,native,59,1132.0833333333333,111.62962976926978,25,12.060453783110546,282.9166666666667,112.3804078147346
2018-08-20,invaded,60,1315.4166666666667,170.0863194398834,23.75,24.2266757559063,100.83333333333333,163.32946810516205
2018-08-20,native,60,1252.9166666666667,115.9243156964792,33.75,20.574145293193943,153.33333333333334,100.2572448829268
2018-08-21,invaded,61,1398.3333333333333,62.17034272988621,11.666666666666666,17.624019422539813,30,61.12580172368814
2018-08-21,native,61,1380,51.96152422706632,6.666666666666667,6.154574548966636,53.333333333333336,49.236596391733094
2018-08-22,invaded,62,1332.9166666666667,165.12334691669042,19.166666666666668,25.39088359425425,87.91666666666667,151.30430405061986
2018-08-22,native,62,1290.4166666666667,134.39186821539553,20.416666666666668,21.36887427729378,129.16666666666666,127.24052622946637
2018-08-23,invaded,63,1213.3333333333333,218.18813122179816,17.5,15.59428799855313,209.16666666666666,209.88994230021572
2018-08-23,native,63,1132.0833333333333,150.3398926876474,30.416666666666668,31.43957648723929,277.5,162.0255310970241
2018-08-24,invaded,64,1248.75,188.0053795168445,24.166666666666668,21.72486356619293,167.08333333333334,185.68617627762723
2018-08-24,native,64,1191.6666666666667,134.7781566692152,25.416666666666668,17.768502946779083,222.91666666666666,136.1559656045117
2018-08-25,invaded,65,1292.5,151.00421426990945,26.666666666666668,24.80224818744291,120.83333333333333,141.0968934219791
2018-08-25,native,65,1242.9166666666667,105.77545542183674,26.25,18.479103677594125,170.83333333333334,98.87626182009083
2018-08-26,invaded,66,1387.0833333333333,80.7200080337564,9.583333333333334,12.695441797127124,43.333333333333336,72.56136379059805
2018-08-26,native,66,1364.5833333333333,69.13288696854819,9.166666666666666,9.962049198956219,66.25,65.09171850690238
2018-08-27,invaded,67,1328.75,178.58185034523322,18.333333333333332,31.358146203711303,87.91666666666667,161.23752007143958
2018-08-27,native,67,1214.5833333333333,186.7114732479615,35,21.74229226018436,158.33333333333334,117.22808640604964
2018-08-28,invaded,68,1338.3333333333333,161.9530422029419,24.583333333333332,44.54100936386057,77.08333333333333,155.78916891592672
2018-08-28,native,68,1246.6666666666667,161.51742564775725,36.25,23.36712920477668,157.08333333333334,160.14848697002378
2018-08-29,invaded,69,1290,350.3310123038184,12.916666666666666,31.65569985537096,137.08333333333334,320.24463896820936
2018-08-29,native,69,1377.5,216.50635094610965,2.9166666666666665,10.10362971081845,59.583333333333336,206.4027212352912
2018-08-30,invaded,70,1186.6666666666667,465.97567890752975,8.333333333333334,15.275252316519465,245,450.8073565585113
2018-08-30,native,70,1210,455.7261937132467,9.166666666666666,25.834555200820517,213.75,422.3264840036782
2018-08-31,invaded,71,1262.9166666666667,308.739801696372,6.666666666666667,17.232808737106584,170.41666666666666,308.20933214982705
2018-08-31,native,71,1199.5833333333333,414.98881876138506,27.5,68.37397165588672,164.16666666666666,292.37921619124376
2018-09-01,invaded,72,1262.0833333333333,276.9349967487721,12.083333333333334,16.98372661393752,165.83333333333334,269.38341493570874
2018-09-01,native,72,1228.3333333333333,368.79615787126374,16.666666666666668,14.512272758119611,195,363.4118625171471
2018-09-02,invaded,73,1274.1666666666667,284.2120953645624,12.916666666666666,23.10630899021986,152.91666666666666,266.5133318627909
2018-09-02,native,73,1297.9166666666667,346.02586827454314,7.083333333333333,10.543919689766344,111.66666666666667,264.65529324467377
2018-09-03,invaded,74,1244.5833333333333,361.89186188275875,9.583333333333334,23.20446012509168,185.83333333333334,348.66520365878813
2018-09-03,native,74,1260.4166666666667,445.53572621433324,4.583333333333333,14.374588268148337,103.33333333333333,242.47149160762018
2018-09-04,invaded,75,1266.6666666666667,314.4138365372309,0.8333333333333334,1.9462473604038073,172.5,313.85795860837777
2018-09-04,native,75,1330,244.82646915723797,8.181818181818182,25.52182666588809,101.81818181818181,227.86259815152562
2018-09-05,invaded,76,1279.1666666666667,264.46200391578276,5.416666666666667,8.382431122004613,155.41666666666666,257.0502102820781
2018-09-05,native,76,1320,248.9076133829578,15.909090909090908,29.901352964220685,104.0909090909091,233.7393653390265
2018-09-06,invaded,77,1262.9166666666667,279.1175895350896,12.916666666666666,20.05201569252661,160,255.28059428437138
2018-09-06,native,77,1194.1666666666667,408.187976601987,29.166666666666668,23.241159935586584,156.25,234.5607597190971
2018-09-07,invaded,78,1285.8333333333333,282.54390916468293,11.25,21.22659138482158,142.91666666666666,269.4814745980049
2018-09-07,native,78,1375.909090909091,192.0002367422783,1.3636363636363635,3.2333489534143167,62.72727272727273,189.0021644897703
2018-09-08,invaded,79,1222.9166666666667,339.2803770370816,12.083333333333334,19.36002598295276,205,332.5042720163019
2018-09-08,native,79,1296.3636363636363,183.4406022271366,15,14.491376746189438,128.63636363636363,183.95775206675728
2018-09-09,invaded,80,1210.8333333333333,343.6953813357333,10.833333333333334,17.55942292142123,193.33333333333334,290.3785408216264
2018-09-09,native,80,1180.8333333333333,349.77157047872186,26.666666666666668,16.001893827313257,212.91666666666666,286.5821977384605
2018-09-10,invaded,81,1242.5,328.85130654777976,7.083333333333333,12.87321626361093,146.66666666666666,249.99393932047576
2018-09-10,native,81,1230.8333333333333,374.3347634825213,17.916666666666668,20.720908778479302,158.33333333333334,254.48998313322966
2018-09-11,invaded,82,1260.909090909091,254.0749710402245,24.545454545454547,30.85891649544305,154.54545454545453,246.63185667563857
2018-09-11,native,82,1142.5,347.74272098780153,35.833333333333336,26.869493798166296,246.25,292.47474638458493
2018-09-12,invaded,83,1376.8181818181818,112.7890226766933,21.363636363636363,48.01514912456844,41.81818181818182,96.4954073330106
2018-09-12,native,83,1285.8333333333333,199.56581659070562,20.416666666666668,20.83030280988529,133.75,184.72491833682173
2018-09-13,invaded,84,1404.090909090909,114.21073027124426,3.6363636363636362,9.244162777371754,32.27272727272727,105.38889022007102
2018-09-13,native,84,1274.1666666666667,362.390004210264,16.25,17.467502293219727,149.58333333333334,352.04892695433256
2018-09-14,invaded,85,1313.1818181818182,175.21804597804314,15,19.493588689617926,111.81818181818181,163.14522253613077
2018-09-14,native,85,1165,245.5698382426992,40.833333333333336,30.7359231144433,234.16666666666666,228.16295346382012
2018-09-15,invaded,86,1261.3636363636363,209.6078589782705,23.636363636363637,27.02692260422088,155,199.54949260772375
2018-09-15,native,86,1142.5,135.6214651822558,35.833333333333336,28.028664980802436,261.6666666666667,136.83655368446847
2018-09-16,invaded,87,1266.8181818181818,188.35170197363132,25,28.106938645110393,148.1818181818182,187.3001965732114
2018-09-16,native,87,1145.4166666666667,167.596082799381,55,43.536818274358836,239.58333333333334,151.85906045549027
2018-09-17,invaded,88,1333.6363636363637,116.47083130747608,13.181818181818182,10.552897060221726,93.18181818181819,110.39186399533091
2018-09-17,native,88,1267.0833333333333,117.48226816559738,28.75,54.025456962435776,144.16666666666666,92.90350158126766
2018-09-18,invaded,89,1280,170.49926686059385,28.181818181818183,25.42368258855582,131.8181818181818,166.03121283771807
2018-09-18,native,89,1215.4166666666667,196.1847266473539,48.333333333333336,32.84490643597388,176.25,189.49844086669708
2018-09-19,invaded,90,1227.2727272727273,196.14234163438087,35,33.015148038438355,177.72727272727272,193.36964131377545
2018-09-19,native,90,1134.5833333333333,137.94693204492103,52.916666666666664,44.94735978358631,252.5,142.26256135623441
2018-09-20,invaded,91,1365.909090909091,133.0379303397753,13.181818181818182,20.404990476930795,60.90909090909091,121.83632836346847
2018-09-20,native,91,1341.6666666666667,169.8840959613526,22.916666666666668,52.719598448831725,75.41666666666667,124.17836023846971
2018-09-21,invaded,92,1327.7272727272727,141.1269576722257,33.18181818181818,55.32959096508519,79.0909090909091,129.05072998278973
2018-09-21,native,92,1292.9166666666667,122.79802954691928,27.916666666666668,31.002810234303638,119.16666666666667,97.8132109810543
2018-09-22,invaded,93,1266.3636363636363,220.38705621123611,20.90909090909091,23.325756345527346,152.72727272727272,206.12330819637594
2018-09-22,native,93,1298.3333333333333,137.7965122486008,35,38.13850356982369,106.66666666666667,127.26731590227593
2018-09-23,invaded,94,1118.3333333333333,338.46131330782924,44.166666666666664,55.95588088897007,234.16666666666666,233.6550811981134
2018-09-23,native,94,1148.3333333333333,130.49439788277456,40,41.61511962998763,251.66666666666666,129.46275935807202
2018-09-24,invaded,95,1390.909090909091,90.35535905020194,24.545454545454547,68.50016589230077,24.545454545454547,57.20378245599435
2018-09-24,native,95,1358.3333333333333,165.5752140724919,27.083333333333332,57.0668799557045,54.583333333333336,109.61623829054571
2018-09-25,invaded,96,1353.6363636363637,224.58952456749753,3.6363636363636362,10.50973574618056,82.72727272727273,221.36354302779438
2018-09-25,native,96,1350.8333333333333,276.05856866493633,5.416666666666667,15.877132402714711,83.75,260.21953144499844
2018-09-26,invaded,97,1297.7272727272727,236.32989269624397,16.818181818181817,30.10587378508779,125.45454545454545,230.92698570602943
2018-09-26,native,97,1273.75,184.33079208068008,39.166666666666664,38.720051965905526,127.08333333333333,158.19232157744133
2018-09-27,invaded,98,1398.6363636363637,88.88450115433255,13.181818181818182,28.308366896796365,28.181818181818183,82.53098591658551
2018-09-27,native,98,1329.1666666666667,178.60359017736016,20.416666666666668,34.801928717015706,90.41666666666667,146.04573277095795
2018-09-28,invaded,99,1379.090909090909,128.7986448262982,8.181818181818182,16.62418829187267,52.72727272727273,116.62683302661605
2018-09-28,native,99,1352.5,179.31054828780356,20.416666666666668,33.26603053985834,67.08333333333333,147.5783048439237
2018-09-29,invaded,100,1365.4545454545455,181.5276087190947,13.636363636363637,30.42128441493793,60.90909090909091,155.38368932771198
2018-09-29,native,100,1330,296.88534670965,12.5,26.92582403567252,97.5,270.7187403258895
2018-09-30,invaded,101,1283.6363636363637,366.1016997303542,4.545454545454546,11.927813180660031,151.8181818181818,354.2758298788723
2018-09-30,native,101,1319.1666666666667,293.9065508049465,21.25,38.02660551867241,99.58333333333333,257.6066269380977
2018-10-01,invaded,102,1308.6363636363637,316.8997547260878,15.909090909090908,32.31239559504849,115.45454545454545,310.0197940894625
2018-10-01,native,102,1289.1666666666667,400.35684839978205,3.75,7.723929758166558,147.08333333333334,393.0790941304616
2018-10-02,invaded,103,1388,113.82735465021871,15.5,39.61270839852618,36.5,77.38970646453356
2018-10-02,native,103,1396.3636363636363,139.82293998287457,25.454545454545453,81.16201529824606,18.181818181818183,58.66313694615756
2018-10-03,invaded,104,1222.7272727272727,430.159061489838,5.454545454545454,9.341987329938275,211.8181818181818,422.1034987255658
2018-10-03,native,104,1248.3333333333333,433.90579902121897,10,14.92405014489273,155,343.60389456994864
2018-10-04,invaded,105,1210,416.0288451537946,6.363636363636363,11.851352051751118,223.63636363636363,407.1000547106995
2018-10-04,native,105,1196.6666666666667,402.96251423524234,29.583333333333332,22.609162797950802,183.75,310.5356442723385
2018-10-05,invaded,106,1166.8181818181818,397.19184739413225,25.90909090909091,24.67976720090587,247.27272727272728,387.7135775051193
2018-10-05,native,106,1120.4166666666667,294.042810220594,36.666666666666664,33.189081811872285,261.25,225.07700702406075
2018-10-06,invaded,107,1176.8181818181818,370.022112361361,16.363636363636363,14.158197111728084,246.8181818181818,362.0032646763888
2018-10-06,native,107,1134.5833333333333,219.4358296480621,32.916666666666664,25.267508181397105,272.5,205.664112748742
2018-10-07,invaded,108,1179.090909090909,343.9972251473708,22.272727272727273,26.58605239252683,238.63636363636363,346.68494998406624
2018-10-07,native,108,1157.0833333333333,179.0944181320585,32.916666666666664,38.580396183774084,250,153.07455105868573
2018-10-08,invaded,109,1327.7272727272727,295.6464411790173,6.363636363636363,13.80052699916005,105.9090909090909,293.51165378753007
2018-10-08,native,109,1358.75,243.40505895990069,7.083333333333333,23.00773914590612,74.16666666666667,220.5038995051328
2018-10-09,invaded,110,1350,288.6866813692658,2.727272727272727,7.537783614444091,87.27272727272727,287.79648743829057
2018-10-09,native,110,1360.4166666666667,275.68475353804627,19.166666666666668,66.39528095680696,60.416666666666664,209.28947258123935
2018-10-10,invaded,111,1438.6363636363637,4.522670168666454,1.3636363636363635,4.522670168666455,0,0
2018-10-10,native,111,1350.4166666666667,310.32576968942385,10.833333333333334,37.52776749732568,78.75,272.7980021920982
2018-10-11,invaded,112,1426.3636363636363,45.22670168666454,2.727272727272727,9.04534033733291,10.909090909090908,36.18136134933164
2018-10-11,native,112,1327.9166666666667,202.28758031949258,43.333333333333336,90.88787631255371,68.75,114.71555731856552
2018-10-12,invaded,113,1238.6363636363637,356.81291252623487,35.90909090909091,55.39937643232917,165.45454545454547,350.3887451492595
2018-10-12,native,113,1222.0833333333333,246.68215041492834,30.416666666666668,26.667850352517025,187.5,231.2073056411025
2018-10-13,invaded,114,1138.6363636363637,421.5749690689125,18.181818181818183,24.420557658735728,283.1818181818182,427.00276771510937
2018-10-13,native,114,1129.5833333333333,234.8448069115716,24.166666666666668,11.838560518556093,286.25,233.40488621511528
2018-10-14,invaded,115,1174.5454545454545,330.7525853674809,24.545454545454547,32.745575690048994,205.45454545454547,290.55511134253464
2018-10-14,native,115,1124.5833333333333,230.40930313183313,34.166666666666664,38.48455022552045,281.25,200.61411397823616
2018-10-15,invaded,116,1272.5,195.92019350292153,22.5,21.245914639969936,145,193.62047641943477
2018-10-15,native,116,1172.5,178.81554742247667,30,32.47376563543955,237.5,159.66584424410195
2018-10-16,invaded,117,1280.5,183.3553017140946,25,31.001792062897124,134.5,171.16350208045068
2018-10-16,native,117,1114.1666666666667,267.2914083349799,23.75,18.964680089816724,302.0833333333333,260.5279459214704
2018-10-17,invaded,118,1208.1818181818182,423.6347054200866,27.272727272727273,34.739288735064534,204.54545454545453,408.7814486094896
2018-10-17,native,118,1142.5,282.07429711143317,29.166666666666668,29.835407071992755,268.3333333333333,257.4113557335925
2018-10-18,invaded,119,1312.7272727272727,387.0423984291877,14.090909090909092,31.37022328723385,113.18181818181819,365.5425606360545
2018-10-18,native,119,1362.5,195.9997680889166,14.583333333333334,29.73048124655091,62.916666666666664,167.596082799381
2018-10-19,invaded,120,1385,116.54755824698059,11,24.244128727957577,44,94.65727652959386
2018-10-19,native,120,1303.75,282.6588451247771,21.666666666666668,30.176249942729147,114.58333333333333,257.0325265350082
2018-10-20,invaded,121,1350,143.81701336536415,16,25.798363427852465,74,128.144883281039
2018-10-20,native,121,1201.25,158.1875325509108,29.166666666666668,21.933093855190744,209.58333333333334,152.60552732354412
2018-10-21,invaded,122,1291,183.96557649009594,36,54.60972644339305,113,173.14412750332855
2018-10-21,native,122,1161.25,163.44480580750965,33.75,24.506492646198513,245,161.28743399172907
2018-10-22,invaded,123,1273.5,296.3579854762742,14.5,19.0685896466181,152,280.9329694666209
2018-10-22,native,123,1169.5833333333333,292.59387253055087,41.666666666666664,34.98917581542075,228.75,286.8649111911864
2018-10-23,invaded,124,1330,347.85054261852173,1,3.1622776601683795,109,344.68826495835333
2018-10-23,native,124,1302.0833333333333,322.50058726749444,17.916666666666668,44.79541034390452,120,280.2596198981483
2018-10-24,invaded,125,1303,347.5245794664506,4.5,14.230249470757707,132.5,345.8263051494685
2018-10-24,native,125,1275.4166666666667,375.3753172331377,15.416666666666666,42.02046759580023,149.16666666666666,353.17284805893644
2018-10-25,invaded,126,1427.7777777777778,23.599670430843826,3.3333333333333335,10,5,15
2018-10-25,native,126,1271.3636363636363,370.08168631459534,0.9090909090909091,3.0151134457776365,93.63636363636364,310.5566849150965
2018-10-26,invaded,127,1299.5,444.3000112536573,4.5,14.230249470757707,136,430.0697617828996
2018-10-26,native,127,1331.5,343.10712612826916,1,3.1622776601683795,107.5,339.94484846810076
2018-10-27,invaded,128,1440,0,0,0,0,0
2018-10-27,native,128,1299.5,387.54533784950746,8.5,14.539218991709593,132,386.14332399598294
2018-10-28,invaded,129,1406.6666666666667,78.62092596758194,7.777777777777778,19.860625479688306,25.555555555555557,74.80994437758778
2018-10-28,native,129,1238,339.2082284117268,17.5,14.953632037438634,184.5,339.6194766041678
2018-10-29,invaded,130,1295,296.6292111186774,20,32.317865716108855,115,251.3961017995307
2018-10-29,native,130,1116.3636363636363,471.6571366421317,29.545454545454547,17.951956084859592,238.63636363636363,362.7195260052242
2018-10-30,invaded,131,1317.7777777777778,151.2058016229683,15,20.766559657295186,107.22222222222223,138.02425310228796
2018-10-30,native,131,1033.1818181818182,351.3849223236017,29.09090909090909,11.139609916460678,377.72727272727275,347.4936232246833
2018-10-31,invaded,132,1335.5555555555557,135.49548987983982,22.77777777777778,34.379418907893786,81.66666666666667,121.19199643540823
2018-10-31,native,132,1098.1818181818182,305.43634956626175,40,30.24896692450835,301.8181818181818,308.3202290417605
2018-11-01,invaded,133,1328.3333333333333,159.02043893789252,25,34.73110997362451,86.66666666666667,143.24367350776788
2018-11-01,native,133,1093.1818181818182,250.60200245880648,63.18181818181818,41.06535810587357,283.6363636363636,267.24605618316343
2018-11-02,invaded,134,1440,0,0,0,0,0
2018-11-02,native,134,1251.8181818181818,431.12801304991035,9.545454545454545,21.50052853472973,178.63636363636363,409.7077672505789
2018-11-03,invaded,135,1440,0,0,0,0,0
2018-11-03,native,135,1361.6666666666667,235,3.3333333333333335,10,75,225
2018-11-04,invaded,136,1440,0,0,0,0,0
2018-11-04,native,136,1252.5,395.4972257242212,1,2.1081851067789197,186.5,393.39017950799604
2018-11-05,invaded,137,1440,0,0,0,0,0
2018-11-05,native,137,1421,60.08327554319921,2.5,7.905694150420948,16.5,52.17758139277826
2018-11-06,invaded,138,1440,0,0,0,0,0
2018-11-06,native,138,1301,238.7793030301319,19.5,34.516501689610564,119.5,230.7650320130847
2018-11-07,invaded,139,1435,15,5,15,0,0
2018-11-07,native,139,1274,256.4371267971937,20.5,51.17779466396209,145.5,233.18388070838478
2018-11-08,invaded,140,1426.111111111111,41.666666666666664,5,15,8.88888888888889,26.666666666666668
2018-11-08,native,140,1230.909090909091,339.6087320860447,30,40.18706259482024,179.0909090909091,315.03823721747
2018-11-09,invaded,141,1421.111111111111,56.66666666666667,5.555555555555555,16.666666666666668,13.333333333333334,40
2018-11-09,native,141,1302.2727272727273,314.2321087696453,10.909090909090908,16.55569113902857,126.81818181818181,312.6281555400339
2018-11-10,invaded,142,1435,15,3.888888888888889,11.666666666666666,1.1111111111111112,3.3333333333333335
2018-11-10,native,142,1333.1818181818182,250.96088068932906,19.545454545454547,44.74676219876392,87.27272727272727,207.50136910829815
2018-11-11,invaded,143,1425.5555555555557,43.333333333333336,5,15,9.444444444444445,28.333333333333336
2018-11-11,native,143,1248,428.9664581552061,6,10.219806477837261,156.5,344.1257037769774
2018-11-12,invaded,144,1407.2222222222222,98.33333333333333,4.444444444444445,13.333333333333334,28.333333333333332,85
2018-11-12,native,144,1280,337.3343214741785,15,20.13840995599095,145,324.7392116076461
2018-11-13,invaded,145,1405.5555555555557,94.32140678434445,3.888888888888889,8.579691784155834,30.555555555555557,91.66666666666667
2018-11-13,native,145,1159.5454545454545,335.7488238658071,28.181818181818183,25.52182666588809,175.9090909090909,274.0147640348799
2018-11-14,invaded,146,1440,0,0,0,0,0
2018-11-14,native,146,1259.5454545454545,407.61780226981347,5.909090909090909,13.194351408497088,174.54545454545453,394.47721445892506
2018-11-15,invaded,147,1420,51.29571132170798,6.111111111111111,12.190615698606495,13.88888888888889,41.66666666666667
2018-11-15,native,147,1239,428.1536588136969,13.5,28.679260799399973,187.5,399.48056551254433
2018-11-16,invaded,148,1224.2857142857142,505.68788604754826,24.285714285714285,57.910028739169434,191.42857142857142,506.47239383236456
2018-11-16,native,148,1240.5555555555557,448.61205710254575,8.333333333333334,20,191.11111111111111,439.67870213499214
2018-11-17,invaded,149,1167.142857142857,466.0012262399562,45,110.49132695978147,227.85714285714286,396.58812747880245
2018-11-17,native,149,1039,500.4542381121819,36,41.55317877932646,365,478.3884985611125
2018-11-18,invaded,150,1078.75,418.83980913266316,41.875,72.45380301563591,319.375,402.8952141331894
2018-11-18,native,150,1081,500.1433127947762,27.5,40.56887148212695,321.5,478.93429148011063
2018-11-19,invaded,151,1102.5,467.913300882607,16.875,24.48578304707798,320.625,460.3448823591783
2018-11-19,native,151,1159,486.16869500205377,62.5,171.5816941802877,170,278.81694512509256
2018-11-20,invaded,152,1262.142857142857,470.5657688964878,5,13.228756555322953,172.85714285714286,457.33701234116495
2018-11-20,native,152,1194.5,520.5149693652752,45,135.42115377181253,200.5,449.19959681390833
2018-11-21,invaded,153,1379.1666666666667,139.4423417282809,15.833333333333334,32.00260406071148,45,107.79610382569493
2018-11-21,native,153,1148,467.75587174888096,35,49.38510796676351,257,423.15744377503535
2018-11-22,invaded,154,1300.8333333333333,301.17132444286034,25.833333333333332,40.300951188113004,113.33333333333333,277.60883751542684
2018-11-22,native,154,1203.5,498.6205972480479,16,35.73047252229764,220.5,465.19082106163705
2018-11-23,invaded,155,1285.8333333333333,308.00027056265174,12.5,22.304708023195463,141.66666666666666,300.6936425444786
2018-11-23,native,155,1259,363.6145700540004,20,40.48319267163706,161,347.5053956415641
2018-11-24,invaded,156,1440,0,0,0,0,0
2018-11-24,native,156,1322.5,335.8509093829185,6.5,14.346892811104896,111,335.4996274215517
2018-11-25,invaded,157,1440,0,0,0,0,0
2018-11-25,native,157,1312,404.7715405015526,6,18.973665961010276,122,385.7978745405423
2018-11-26,invaded,158,1440,0,0,0,0,0
2018-11-26,native,158,1322,336.28030635831834,26,70.78135347674555,92,265.62504901960335
2018-11-27,invaded,159,1343.3333333333333,236.78400846904054,25.833333333333332,63.278485021898746,70.83333333333333,173.50552344714183
2018-11-27,native,159,1301.6666666666667,403.8718856271132,2.7777777777777777,6.666666666666667,135.55555555555554,402.9302393439561
2018-11-28,invaded,160,1118.3333333333333,526.7700320506726,46.666666666666664,114.30952132988165,275,433.8893868257208
2018-11-28,native,160,1196.111111111111,445.72818074596887,10.555555555555555,18.61525658640723,233.33333333333334,438.06392227619017
2018-11-29,invaded,161,1257.5,389.0212076481178,23.333333333333332,50.16638981097471,159.16666666666666,389.8771173929892
2018-11-29,native,161,1174.4444444444443,445.9921835388797,9.444444444444445,12.104865871944957,256.1111111111111,442.01087216392216
2018-11-30,invaded,162,1308.3333333333333,296.3893835255687,4.166666666666667,10.206207261596575,127.5,297.85483041240076
2018-11-30,native,162,1069,396.56721442342604,10.5,12.791055902899929,360.5,398.15860882037674
2018-12-01,invaded,163,1440,0,0,0,0,0
2018-12-01,native,163,1440,0,0,0,0,0
2018-12-02,invaded,164,1304.2857142857142,359.0662493587659,19.285714285714285,51.02520385624567,30,79.37253933193772
2018-12-02,native,164,1302.5,434.8131782731522,4.5,14.230249470757707,133,420.58292880239446
2018-12-03,invaded,165,1419.2857142857142,54.80484858633794,19.285714285714285,51.02520385624567,1.4285714285714286,3.7796447300922726
2018-12-03,native,165,1297,443.4911999628002,2.5,6.346477588219924,140.5,437.3178986097464
2018-12-04,invaded,166,1440,0,0,0,0,0
2018-12-04,native,166,1244.5,390.7290194836655,23.5,44.60007473835292,172,347.29270395765906
2018-12-05,invaded,167,1238.5714285714287,532.9299069430103,1.4285714285714286,3.7796447300922726,200,529.1502622129182
2018-12-05,native,167,1216.111111111111,390.83066807904305,18.333333333333332,31.523800532296228,205.55555555555554,371.9580322802262
2018-12-06,invaded,168,1440,0,0,0,0,0
2018-12-06,native,168,1156.111111111111,474.05022003065363,5,6.123724356957945,278.8888888888889,473.2188828767414
2018-12-07,invaded,169,1440,0,0,0,0,0
2018-12-07,native,169,1172.2222222222222,430.7196819794104,12.222222222222221,16.223268611609818,207.77777777777777,338.397982329157
2018-12-08,invaded,170,1337.857142857143,248.89517778335824,5,13.228756555322953,63.57142857142857,161.67648472887367
2018-12-08,native,170,1142.5,418.902335475307,8.5,12.703892666773003,252.5,390.8271143783826
2018-12-09,invaded,171,1409.2857142857142,81.26236169698386,30.714285714285715,81.26236169698383,0,0
2018-12-09,native,171,1440,0,0,0,0,0
2018-12-10,invaded,172,1085.7142857142858,608.3819289135497,0.7142857142857143,1.8898223650461363,192.14285714285714,508.3622161974106
2018-12-10,native,172,1074.5,499.51893524336657,30.5,59.88182807274118,335,477.13263937353474
2018-12-11,invaded,173,1440,0,0,0,0,0
2018-12-11,native,173,1015,552.2284400499489,13.333333333333334,22.5,348.8888888888889,475.88586983762303
2018-12-12,invaded,174,1232.5,508.26912162750943,50,122.47448713915891,157.5,385.79463448835054
2018-12-12,native,174,1113.125,478.0610951691067,14.375,14.252192813739224,312.5,475.379547609817
2018-12-13,invaded,175,1445,117.42018565817378,52,116.27553482998907,0,0
2018-12-13,native,175,1293.125,377.9355339963985,0,0,203.125,377.1598514839942
2018-12-14,invaded,176,1440,0,0,0,0,0
2018-12-14,native,176,1440,0,0,0,0,0
2018-12-15,invaded,177,1261.6666666666667,436.82567079633344,4.166666666666667,10.206207261596573,174.16666666666666,426.61946353473684
2018-12-15,native,177,1409.375,86.62058069535207,5.625,15.90990257669732,25,70.71067811865476
2018-12-16,invaded,178,1211.6666666666667,509.5946101232494,62.5,130.1441508482037,165.83333333333334,379.9002061945567
2018-12-16,native,178,1209.375,399.77169824074053,13.125,31.50255091711962,217.5,389.0189125038965
2018-12-17,invaded,179,1217,498.6431589824531,3,6.708203932499369,220,491.9349550499537
2018-12-17,native,179,1063.3333333333333,561.810688755563,15.555555555555555,19.913005242247532,263.8888888888889,441.9755209410484
2018-12-18,invaded,180,1226,478.51854718495497,2,4.47213595499958,212,474.0464112299554
2018-12-18,native,180,1031.111111111111,489.53279881036684,48.333333333333336,98.20259670701178,360.55555555555554,428.6274930260281
2018-12-19,invaded,181,1100,544.747647998594,76,148.59340496805368,264,530.9708089904755
2018-12-19,native,181,1203.888888888889,456.2467655897531,2.2222222222222223,3.632415786283895,233.88888888888889,453.2506051966297
2018-12-20,invaded,182,1440,0,0,0,0,0
2018-12-20,native,182,1226.25,421.2799374694761,95.625,262.48044144822893,118.125,224.24376882567518
2018-12-21,invaded,183,1306.25,267.5,51.25,102.5,82.5,165
2018-12-21,native,183,1149.4444444444443,453.11039248485326,40.55555555555556,105.4290177217723,250.55555555555554,418.90067770030856
2018-12-22,invaded,184,1127.5,625,2.5,5,310,620
2018-12-22,native,184,1165,424.68370583294103,32.77777777777778,47.17726618239388,242.22222222222223,409.840754982279
2018-12-23,invaded,185,1171.25,537.5,2.5,5,266.25,532.5
2018-12-23,native,185,1072.2222222222222,457.4734357800947,33.888888888888886,53.72253820428732,333.8888888888889,439.1951287424658
2018-12-24,invaded,186,1126,430.89151767005114,4,8.94427190999916,310,425.0147056279347
2018-12-24,native,186,1072.7777777777778,473.3135265808959,40,48.41229182759271,327.22222222222223,460.7406477015507
2018-12-25,invaded,187,1076.6666666666667,582.9808458831787,4.166666666666667,6.645800679125628,359.1666666666667,576.3368517340069
2018-12-25,native,187,1088.3333333333333,436.60622991432456,43.888888888888886,54.64532103585001,307.77777777777777,420.43958477341835
2018-12-26,invaded,188,1069.1666666666667,591.4762604421809,16.666666666666668,26.583202716502512,354.1666666666667,564.8930577256784
2018-12-26,native,188,1168.888888888889,378.2011516522803,25.555555555555557,42.01520888651844,245.55555555555554,369.84324757629116
2018-12-27,invaded,189,1089.1666666666667,573.2575046754004,8.333333333333334,11.254628677422755,342.5,568.4518449261996
2018-12-27,native,189,1262.2222222222222,302.01522220650475,35.55555555555556,48.569823736326015,142.22222222222223,283.4068532065597
2018-12-28,invaded,190,1259.1666666666667,442.94939515329133,0,0,4.166666666666667,10.206207261596573
2018-12-28,native,190,1220,413.2997298168324,17.5,46.74101220793386,137,301.43361163317905
2018-12-29,invaded,191,1387.5,128.59821149611685,0,0,52.5,128.59821149611685
2018-12-29,native,191,1226.6666666666667,459.99999999999994,20.555555555555557,56.26080143206083,192.77777777777777,440.6608042978686
2018-12-30,invaded,192,1440,0,0,0,0,0
2018-12-30,native,192,1149,513.337662319409,9.5,24.88305983328149,281.5,510.4358159673185
2018-12-31,invaded,193,1440,0,0,0,0,0
2018-12-31,native,193,1069.5,451.2910492255648,65,157.83254135668952,305.5,422.3508941363541
2019-01-01,invaded,194,1278.5714285714287,345.2621502292894,38.57142857142857,77.2827215334647,122.85714285714286,268.43461560898373
2019-01-01,native,194,1023,413.6705613569007,40.5,61.84433864326,376.5,405.9081039950901
2019-01-02,invaded,195,1189.2857142857142,513.3746891195275,16.428571428571427,26.569764412812937,234.28571428571428,490.02915365166945
2019-01-02,native,195,1126,427.4394044124201,45.5,81.9705231572098,268.5,416.92691872264083
2019-01-03,invaded,196,1112.5,606.7006793186524,58.75,135.13881751739578,268.75,501.41051046024154
2019-01-03,native,196,1134,462.35388082194265,38,60.83675789447619,268,456.96583874265457
2019-01-04,invaded,197,1123.75,588.2646998952573,20.625,38.213451259247144,295.625,550.1262030531851
2019-01-04,native,197,1123,551.5694778438061,38,111.50984012384039,279,541.4476480284641
2019-01-05,invaded,198,1232.5,508.26912162750943,0,0,125.83333333333333,308.22745930021654
2019-01-05,native,198,1209.4444444444443,392.7582306938682,29.444444444444443,60.59313309095163,201.11111111111111,349.3366730120259
2019-01-06,invaded,199,1212.5,557.258916483173,13.333333333333334,32.659863237109036,214.16666666666666,524.5990532460639
2019-01-06,native,199,1123.888888888889,380.2201482182541,29.444444444444443,34.13616524710673,286.6666666666667,374.99166657407204
2019-01-07,invaded,200,1097.857142857143,596.4747629675063,15,26.614532371118855,327.14285714285717,572.9591109818771
2019-01-07,native,200,981,462.87027220257824,60,101.73494974687902,399,420.666138404317
2019-01-08,invaded,201,1243.5714285714287,519.7011503876874,9.285714285714286,24.567690745599773,187.14285714285714,495.13345964208776
2019-01-08,native,201,1006.5,447.95864144410075,39,32.47221034122014,394.5,443.48650236256094
2019-01-09,invaded,202,1304.2857142857142,236.93227885179505,25.714285714285715,50.367695618369936,18.571428571428573,39.233731842455605
2019-01-09,native,202,861.3636363636364,482.46290483876015,32.27272727272727,49.81785003207366,415.45454545454544,417.3215459657849
2019-01-10,invaded,203,1417.142857142857,29.84084768360628,13.571428571428571,17.008401285415225,9.285714285714286,15.391710817994273
2019-01-10,native,203,989.0909090909091,361.73068837063147,46.36363636363637,36.06181561505945,327.72727272727275,322.7643384604597
2019-01-11,invaded,204,1391.4285714285713,79.09457870772421,12.857142857142858,19.117431586805544,35.714285714285715,60.16841443181044
2019-01-11,native,204,1055,331.7227758234276,58.18181818181818,60.63302430494158,326.8181818181818,334.59133825663156
2019-01-12,invaded,205,1271.875,303.60850613907377,8.75,13.82285891454545,51.25,94.97180032590126
2019-01-12,native,205,1059.5454545454545,312.2535391749351,44.54545454545455,37.580217232910286,335.90909090909093,301.9256380453487
2019-01-13,invaded,206,1406.25,46.57942525560891,14.375,16.995272451899254,19.375,32.34164718837219
2019-01-13,native,206,1153.6363636363637,272.35171111167,31.363636363636363,40.687277439692934,255,256.96303236068803
2019-01-14,invaded,207,1348.3333333333333,240.80593846498058,25,56.0133912560202,66.66666666666667,185.47236990991405
2019-01-14,native,207,1199.090909090909,367.32014770373115,28.636363636363637,24.092624295716426,212.27272727272728,353.4215870342645
2019-01-15,invaded,208,1209.5,482.4615701448838,22,49.78844131813014,102.5,241.0307725858533
2019-01-15,native,208,1223.1818181818182,369.47444246708545,29.09090909090909,32.00142042302043,187.72727272727272,353.3649928640614
2019-01-16,invaded,209,1193.5,467.0001784439345,31,79.47046970765653,123,262.63832334388843
2019-01-16,native,209,1099.5454545454545,369.5027371038985,39.54545454545455,29.95451096701008,300.90909090909093,352.05694270826547
2019-01-17,invaded,210,1236.6666666666667,260.5882767892677,18.88888888888889,29.66245288426281,97.77777777777777,128.6009115226033
2019-01-17,native,210,966.3636363636364,261.06599653239897,28.636363636363637,22.59324114540774,445,264.25366601052104
2019-01-18,invaded,211,1090.909090909091,323.9276013387728,34.09090909090909,38.06692670929594,305.45454545454544,314.1293885125566
2019-01-18,native,211,1007.7272727272727,201.3251553627072,50,42.89522117905443,382.27272727272725,191.3029487013156
2019-01-19,invaded,212,1022.5,335.8198922041397,25,23.45207879911715,311.25,283.2130983745439
2019-01-19,native,212,799.5454545454545,335.17498821850165,46.36363636363637,36.061815615059444,594.0909090909091,321.54951548570386
2019-01-20,invaded,213,1334.5454545454545,349.75315971020575,4.545454545454546,15.075567228888177,100.9090909090909,334.6775924813176
2019-01-20,native,213,1252.2727272727273,376.14068934617825,25.90909090909091,69.81468978009507,161.8181818181818,375.47485087068566
2019-01-21,invaded,214,1408.5,99.61174629530394,14,44.27188724235731,17.5,55.339859052946636
2019-01-21,native,214,1106.3636363636363,276.46962680456335,62.72727272727273,66.1197261172351,270.90909090909093,228.94123898741117
2019-01-22,invaded,215,1251.3636363636363,410.79855713652955,12.272727272727273,16.18079669911781,176.36363636363637,407.9466319819966
2019-01-22,native,215,1041.3636363636363,219.97830471538447,41.81818181818182,46.05826349704944,356.8181818181818,194.46429913062101
2019-01-23,invaded,216,1203.1818181818182,393.9750799687255,30,36.53765181289022,123.18181818181819,170.0040106478775
2019-01-23,native,216,921.8181818181819,238.83333861997497,44.54545454545455,38.62994599106666,473.6363636363636,228.44135909562118
2019-01-24,invaded,217,1310.909090909091,372.38298955388774,15,36.40054944640259,114.0909090909091,357.3710829223468
2019-01-24,native,217,1182.2727272727273,369.5900677532043,48.63636363636363,85.23763573360388,209.0909090909091,345.33185620369704
2019-01-25,invaded,218,1307.7272727272727,420.7217823952286,4.545454545454546,9.605869417846948,127.72727272727273,417.0333538001705
2019-01-25,native,218,1129.090909090909,256.09391033191497,31.363636363636363,31.70890325215531,279.54545454545456,232.3731325417651
2019-01-26,invaded,219,1300,315.0484971485431,37.5,87.31329286604138,102.5,228.658527551942
2019-01-26,native,219,1079.090909090909,318.424388056397,40.45454545454545,35.66893224183656,320.45454545454544,304.9053504405469
2019-01-27,invaded,220,1357,262.4690457939755,14,44.27188724235731,69,218.19715855161817
2019-01-27,native,220,1386.5,131.27684910566336,29.5,63.089442680830345,24,75.8946638440411
2019-01-28,invaded,221,1432.2222222222222,23.33333333333333,7.222222222222222,21.666666666666664,0.5555555555555556,1.666666666666667
2019-01-28,native,221,1176.8181818181818,399.7828956275689,31.818181818181817,41.00443435000215,231.36363636363637,374.48024586812926
2019-01-29,invaded,222,1412.2222222222222,83.33333333333334,23.88888888888889,71.66666666666667,3.888888888888889,11.666666666666668
2019-01-29,native,222,1168.6363636363637,278.69419539246695,38.18181818181818,28.91995221924885,233.1818181818182,279.546711009741
2019-01-30,invaded,223,1257.2222222222222,465.5716319154813,20,33.63406011768428,162.77777777777777,453.3838819857235
2019-01-30,native,223,1126.8181818181818,291.95267362427705,33.18181818181818,24.522716741087972,280,290.4479299289289
2019-01-31,invaded,224,1105.5,569.3195255936882,7,10.327955589886445,327.5,564.4626254727194
2019-01-31,native,224,1058.1818181818182,266.7515016571859,28.636363636363637,28.90423058056632,353.1818181818182,246.24452001285965
2019-02-01,invaded,225,1285,465,22.22222222222222,66.66666666666667,132.77777777777777,398.3333333333333
2019-02-01,native,225,1419.5454545454545,67.84005252999683,2.727272727272727,9.045340337332908,17.727272727272727,58.794712192663916
2019-02-02,invaded,226,1440,0,0,0,0,0
2019-02-02,native,226,1261.3636363636363,404.43844345642333,31.818181818181817,96.00189392071198,146.8181818181818,355.2905341215322
2019-02-03,invaded,227,1440,0,0,0,0,0
2019-02-03,native,227,1301,439.55659476340475,94.5,298.83523888591185,44.5,140.72135587749287
2019-02-04,invaded,228,1339.4444444444443,281.62968198998084,11.11111111111111,24.209731743889915,89.44444444444444,259.0902888527043
2019-02-04,native,228,1263.1818181818182,329.50927701107844,33.18181818181818,79.63267944985674,143.63636363636363,314.8657722672545
2019-02-05,invaded,229,1267.2222222222222,439.9794818448293,12.222222222222221,22.928027486996008,160.55555555555554,423.323490699226
2019-02-05,native,229,1139.5454545454545,331.10009472555686,42.27272727272727,37.038063958827294,258.1818181818182,337.08509850831973
2019-02-06,invaded,230,1227.2222222222222,400.57857461981723,20,29.47456530637899,193.33333333333334,384.0979692734654
2019-02-06,native,230,1039.5454545454545,264.2674265346994,31.818181818181817,23.90321393377126,368.6363636363636,270.70362861523404
2019-02-07,invaded,231,1207.2222222222222,327.0045021776374,31.11111111111111,31.993923034087445,201.66666666666666,302.7994385727952
2019-02-07,native,231,998.1818181818181,238.1309800012666,32.27272727272727,33.19364670864263,409.54545454545456,242.93470877433865
2019-02-08,invaded,232,1147,403.4517732435109,35,38.44187531556932,211.5,307.5354541439988
2019-02-08,native,232,1014.5454545454545,217.77803545645443,33.63636363636363,20.38270211366848,391.8181818181818,219.52531434065557
2019-02-09,invaded,233,1129,509.7646515795304,105,142.67289706021796,206,387.83444348788254
2019-02-09,native,233,1133.1818181818182,206.50996013840017,64.54545454545455,31.972999972988575,242.27272727272728,189.60964685853457
2019-02-10,invaded,234,1272.2222222222222,463.5131545538319,9.444444444444445,21.858128414340005,148.88888888888889,430.04925428503077
2019-02-10,native,234,1376.8181818181818,112.5671516756271,30,38.600518131237564,33.18181818181818,75.14228926751989
2019-02-11,invaded,235,1047.7272727272727,545.6251627095457,20.454545454545453,26.21588692515909,371.8181818181818,531.6214476828071
2019-02-11,native,235,1051.8181818181818,231.45488466732266,38.63636363636363,32.64130122183467,349.54545454545456,242.79059439622603
2019-02-12,invaded,236,985.8333333333334,460.42388243351525,52.083333333333336,38.16580652729335,402.0833333333333,444.8158880283215
2019-02-12,native,236,1019.0909090909091,178.98069982288845,34.54545454545455,9.605869417846948,386.3636363636364,182.27850818309477
2019-02-13,invaded,237,1140,546.0265561307435,57.27272727272727,128.3231007333371,205.9090909090909,405.2333783254915
2019-02-13,native,237,1311.8181818181818,263.5931782811604,22.727272727272727,36.35681754249376,105.45454545454545,236.83807279927086
2019-02-14,invaded,238,1292.7777777777778,380.46937385871746,2.7777777777777777,5.65194165260439,144.44444444444446,377.0646864634473
2019-02-14,native,238,1028.1818181818182,281.45401691282296,31.818181818181817,24.214946548849458,380,271.1180554666177
2019-02-15,invaded,239,1170,448.61592704673336,30,25.8602010819715,240,454.68395617175673
2019-02-15,native,239,960.4545454545455,186.6742422705198,35.90909090909091,17.002673586554238,443.6363636363636,188.07034467308912
2019-02-16,invaded,240,1123,357.22075340980217,76,59.4792213951879,241,350.474281827101
2019-02-16,native,240,990.4545454545455,140.09736873786292,31.363636363636363,17.188791273808217,418.1818181818182,144.79766447137064
2019-02-17,invaded,241,1071.8181818181818,364.21334906392934,75.9090909090909,113.30971233345758,292.27272727272725,336.2912698566797
2019-02-17,native,241,1041.3636363636363,192.35502214773223,22.272727272727273,4.670993664969138,376.3636363636364,191.2340308246797
2019-02-18,invaded,242,1111.3636363636363,278.3351478801313,65,57.74945887192364,264.09090909090907,262.00971529523656
2019-02-18,native,242,1030,140.51690289783645,56.81818181818182,36.00505015082796,353.1818181818182,112.30032785510306
2019-02-19,invaded,243,1112.0833333333333,412.7207857252854,62.083333333333336,111.09902080685691,265.8333333333333,344.90995750757736
2019-02-19,native,243,1125.4545454545455,100.65919097267137,64.54545454545455,39.5887954764063,250,85
2019-02-20,invaded,244,1192.7272727272727,385.74190617797564,43.63636363636363,98.7950127559815,203.63636363636363,385.60401261586287
2019-02-20,native,244,1110.909090909091,113.26557689382467,67.72727272727273,50.31717581321692,261.3636363636364,141.77607183673325
2019-02-21,invaded,245,1060,201.9405853215247,40,41.892720131306824,340,194.70490492024078
2019-02-21,native,245,905.9090909090909,116.72228111672128,43.63636363636363,32.48775993285079,490.45454545454544,87.9333425230312
2019-02-22,invaded,246,1013.75,329.4839284258173,71.66666666666667,63.865388739033584,354.5833333333333,302.74845794467524
2019-02-22,native,246,957.7272727272727,127.48261913617159,33.63636363636363,21.105794120443456,448.6363636363636,111.6711894154197
2019-02-23,invaded,247,962.5,303.4610953048782,82.5,75.60363146641232,395,298.65608071066384
2019-02-23,native,247,909.5454545454545,44.96968675977994,29.545454545454547,9.070431482169262,500.90909090909093,44.03510995888291
2019-02-24,invaded,248,1292.7272727272727,355.3122826216653,25.90909090909091,28.26819607068886,121.36363636363636,345.3845024685598
2019-02-24,native,248,1246.3636363636363,90.27986788567286,20.90909090909091,18.68397465987655,172.72727272727272,98.70064934851331
2019-02-25,invaded,249,1263,297.1363323459452,26,46.29614814791111,151,252.11108662651074
2019-02-25,native,249,1034.5454545454545,164.23237417535168,33.18181818181818,30.27149874657078,372.27272727272725,145.5569241974362
2019-02-26,invaded,250,1240,435.35426187569743,29.5,73.35037680733329,170.5,388.46170982479083
2019-02-26,native,250,1386.8181818181818,176.38413657799168,7.7272727272727275,25.628464289109903,45.45454545454545,150.75567228888184
2019-02-27,invaded,251,1309.5,255.78256825323774,25,44.03281604540969,105.5,212.8960361825044
2019-02-27,native,251,1261.8181818181818,381.2169508775333,36.81818181818182,30.925129528647677,141.36363636363637,374.046059390357
2019-02-28,invaded,252,1342,206.93799393377074,37,78.14516406449388,61,128.79354711233702
2019-02-28,native,252,1237.2727272727273,353.4498807211825,24.545454545454547,23.71229063740421,178.1818181818182,343.75334709114276
2019-03-01,invaded,253,1327,220.09089031579657,22,44.671641514002545,91,175.82819897717076
2019-03-01,native,253,1168.6363636363637,370.53401267016574,19.545454545454547,13.866244166057632,251.8181818181818,372.4464574087981
2019-03-02,invaded,254,1319,363.72150518402583,14,31.78049716414141,107,334.8648151783708
2019-03-02,native,254,1440,0,0,0,0,0
2019-03-03,invaded,255,1337.5,249.01193634933335,47,99.33668898135159,55.5,175.50641013934506
2019-03-03,native,255,1269.5454545454545,307.4366157881535,37.72727272727273,37.70700441321455,132.72727272727272,288.8023860389975
2019-03-04,invaded,256,1360,252.98221281347034,10.5,33.20391543176798,69.5,219.77829738170237
2019-03-04,native,256,1335.4545454545455,312.3816139392214,11.363636363636363,16.445502286477765,93.18181818181819,305.74722179663974
2019-03-05,invaded,257,1374.4444444444443,196.66666666666663,0.5555555555555556,1.666666666666667,57.22222222222222,171.66666666666666
2019-03-05,native,257,1142.2727272727273,514.8464025142044,19.09090909090909,27.91220000449461,278.6363636363636,496.40251263007775
2019-03-06,invaded,258,1440,0,0,0,0,0
2019-03-06,native,258,1060,305.99564267050164,20,22.60776661041756,360,300.00925911637387
2019-03-07,invaded,259,1307.5,148.08298831591503,30,38.07886552931954,102.5,126.2084443631702
2019-03-07,native,259,903.6363636363636,218.35854584937715,33.63636363636363,29.07670107585359,425,227.98026230355995
2019-03-08,invaded,260,1173.888888888889,268.7096222897705,21.666666666666668,18.371173070873834,176.66666666666666,170.69710015111565
2019-03-08,native,260,859.0909090909091,193.6209981099439,20.90909090909091,14.969666298582249,560,185.835949159467
2019-03-09,invaded,261,1160,230.38012067016547,27.77777777777778,29.486343354923555,197.77777777777777,174.05299320736898
2019-03-09,native,261,904.0909090909091,154.75493823814122,31.818181818181817,26.858213573572545,504.09090909090907,131.73492668647486
2019-03-10,invaded,262,973.1818181818181,271.4615325167889,23.636363636363637,16.89540012709215,366.3636363636364,194.0887800607097
2019-03-10,native,262,883.1818181818181,96.00189392071198,32.27272727272727,14.02919034792036,524.5454545454545,83.70945422873528
2019-03-11,invaded,263,981.8181818181819,260.58849482731125,57.27272727272727,94.42890543587902,337.27272727272725,198.01974189918081
2019-03-11,native,263,885.4545454545455,128.0908768307592,42.27272727272727,20.41612553395433,512.2727272727273,111.07123021655148
2019-03-12,invaded,264,581.6666666666666,31.523800532296228,8.333333333333334,23.184046238739256,2.2222222222222223,6.666666666666667
2019-03-12,native,264,596.8181818181819,28.308366896796368,4.545454545454546,4.719399037242694,14.545454545454545,25.53963052341845
