date,status,days,avg_daily_tempC,avg_dailymin_tempC,avg_dailymax_tempC,avg_daily_RH,avg_dailymax_rh,avg_dailymin_rh
2018-06-22,invaded,1,27.128682002314815,23.080416666666665,34.39158333333334,92.67269675925925,99.53175,76.339
2018-06-22,native,1,28.945294270833333,23.406416666666665,41.71666666666667,86.51656626157407,100,50.531166666666664
2018-06-23,invaded,2,27.869398726851852,22.61525,36.1725,89.87544849537038,99.18558333333334,69.40458333333333
2018-06-23,native,2,29.205381655092594,22.940416666666668,41.89225,85.94238946759259,100,50.07391666666667
2018-06-24,invaded,3,28.056458622685184,22.214,37.3205,88.3604675925926,99.08816666666667,63.89325
2018-06-24,native,3,29.157080439814816,22.64275,42.97983333333333,86.2303287037037,100,47.91275
2018-06-25,invaded,4,27.385895833333333,21.111583333333332,37.61983333333333,88.29633998842593,99.04283333333333,60.893166666666666
2018-06-25,native,4,28.46542939814815,21.493083333333335,43.23191666666666,86.47092390046296,100,46.15833333333333
2018-06-26,invaded,5,26.520734664351853,22.447416666666665,37.84608333333333,91.39133680555555,99.02833333333334,62.221583333333335
2018-06-26,native,5,27.438145833333333,22.540916666666668,42.1755,90.42667158564815,100,49.88316666666667
2018-06-27,invaded,6,25.68812962962963,21.11525,32.045,97.67549884259259,99.12391666666667,90.49475
2018-06-27,native,6,27.164208622685184,21.49125,39.09308333333333,95.1544525462963,100,70.33233333333334
2018-06-28,invaded,7,25.417974247685187,22.283833333333334,32.25658333333333,97.96939930555556,99.05733333333333,90.49249999999999
2018-06-28,native,7,26.70239525462963,22.527,39.3685,96.06399971064815,100,69.287
2018-06-29,invaded,8,25.14054513888889,21.572583333333334,31.58025,97.83108072916667,99.04183333333333,91.21025
2018-06-29,native,8,26.470292534722223,21.988833333333332,38.38033333333333,95.92931741898148,100,71.05841666666666
2018-06-30,invaded,9,25.347108506944444,22.565083333333334,31.606,98.18130034722222,98.94916666666667,91.71558333333333
2018-06-30,native,9,26.19219386574074,23.19633333333333,36.12991666666667,98.36304542824074,100,80.98541666666667
2018-07-01,invaded,10,25.798228877314816,21.626583333333333,32.440416666666664,97.08673090277777,98.90275,87.49249999999999
2018-07-01,native,10,26.78170920138889,22.200166666666668,35.62733333333333,95.69579976851851,100,77.18725
2018-07-02,invaded,11,26.295816840277777,21.451333333333334,33.555166666666665,94.19539293981481,98.86633333333333,78.56991666666667
2018-07-02,native,11,27.743872106481483,21.99475,39.33625,91.56544733796296,100,63.653083333333335
2018-07-03,invaded,12,25.25364554398148,21.185,31.39475,97.55695862268519,98.89166666666667,89.16283333333334
2018-07-03,native,12,26.184759837962964,21.572666666666667,36.19016666666667,98.07733188657407,100,80.65058333333333
2018-07-04,invaded,13,24.632731770833335,21.169,31.844416666666664,97.28231828703704,98.89808333333333,84.515
2018-07-04,native,13,25.41512702546296,21.624583333333334,37.066,97.04473842592593,100,71.57866666666666
2018-07-05,invaded,14,23.525276041666668,20.269416666666668,28.860833333333332,98.21104079861111,98.92508333333333,95.07375
2018-07-05,native,14,24.60262702546296,20.74975,34.5195,95.90752228009259,100,80.65475
2018-07-06,invaded,15,24.075625578703704,20.918666666666667,29.22375,97.39511226851852,98.92641666666667,92.3325
2018-07-06,native,15,25.21132638888889,21.36775,35.76658333333334,94.92361603009259,100,77.51158333333333
2018-07-07,invaded,16,24.53512008101852,21.04975,30.6285,96.55914149305556,98.92666666666666,85.87950000000001
2018-07-07,native,16,25.55509085648148,21.23075,35.23925,93.24000491898148,100,70.10508333333333
2018-07-08,invaded,17,25.141324363425927,20.5435,30.581916666666665,94.35851041666666,98.92741666666667,82.28133333333334
2018-07-08,native,17,26.235223090277778,20.8035,34.821083333333334,91.21323697916667,100,68.16491666666667
2018-07-09,invaded,18,25.364172164351853,21.40775,32.363,96.08943142361112,98.91791666666667,80.84608333333333
2018-07-09,native,18,26.1372109375,21.546833333333332,36.5135,96.24733101851852,100,70.50591666666666
2018-07-10,invaded,19,27.31095486111111,22.706666666666667,34.77166666666667,91.92702025462962,98.92908333333334,72.93166666666667
2018-07-10,native,19,28.56866087962963,22.784583333333334,40.91191666666666,90.84526157407407,100,58.943583333333336
2018-07-11,invaded,20,27.283464988425926,21.4555,35.53916666666667,89.34149623842593,98.9275,66.21133333333333
2018-07-11,native,20,28.43981568287037,21.52691666666667,41.56341666666667,88.12374971064816,100,52.62925
2018-07-12,invaded,21,27.231144386574073,21.37,35.179249999999996,89.92036979166667,98.9355,70.39516666666667
2018-07-12,native,21,28.067875,21.34,40.55741666666667,89.2984464699074,100,59.79075
2018-07-13,invaded,22,27.756798900462964,22.385666666666665,35.616166666666665,89.72714380787038,98.92283333333333,70.061
2018-07-13,native,22,28.632664641203704,22.375416666666666,40.82458333333334,88.9798828125,100,57.96791666666667
2018-07-14,invaded,23,27.063587962962963,22.82275,34.60208333333333,91.93228993055556,98.90583333333333,72.46141666666666
2018-07-14,native,23,27.772502604166668,22.814583333333335,38.193,92.01122800925926,100,65.56033333333333
2018-07-15,invaded,24,26.472038483796297,22.253916666666665,35.14066666666667,93.09373784722223,98.8935,72.80024999999999
2018-07-15,native,24,27.17196903935185,22.26575,39.91558333333333,93.20434866898148,100,62.210750000000004
2018-07-16,invaded,25,26.806860243055556,22.258,34.742333333333335,92.28225318287036,98.91058333333334,73.62066666666666
2018-07-16,native,25,27.339907118055557,22.283833333333334,38.105583333333335,92.91872395833333,100,67.1165
2018-07-17,invaded,26,25.489693576388888,23.67725,33.94566666666667,96.68151620370371,98.92258333333334,74.39983333333333
2018-07-17,native,26,25.84870601851852,23.586750000000002,37.22675,97.7248527199074,100,67.75216666666667
2018-07-18,invaded,27,25.356007233796298,23.590916666666665,28.983166666666666,98.75528645833333,98.87941666666667,97.6975
2018-07-18,native,27,25.870034143518517,23.775166666666667,31.026333333333334,99.23758246527778,100,96.08983333333333
2018-07-19,invaded,28,24.917493344907406,23.49275,28.47075,98.80089091435185,98.9335,97.71125
2018-07-19,native,28,25.341825520833332,23.761166666666668,29.89425,95.36211313657407,100,92.40141666666666
2018-07-20,invaded,29,25.161507812500002,23.649,29.00958333333333,98.74269328703704,98.95375,97.5845
2018-07-20,native,29,25.5946799469189,23.833583333333333,30.784916666666668,93.55778863146551,99.80016666666667,89.1695
2018-07-21,invaded,30,24.83082378472222,22.3775,30.425416666666667,98.55590914351852,98.95333333333333,95.86608333333334
2018-07-21,native,30,25.579382858187135,22.521083333333333,34.111916666666666,91.6393378411306,99.79541666666667,81.67375
2018-07-22,invaded,31,23.313746527777777,20.8135,28.8775,98.27940162037036,98.97475,95.58158333333333
2018-07-22,native,31,23.453202439692983,20.598833333333335,29.877,86.82797087597466,94.889,77.96775
2018-07-23,invaded,32,23.924342303240742,20.573166666666665,28.433083333333332,97.00168663194444,99.01991666666666,93.3275
2018-07-23,native,32,24.69683101851852,20.501666666666665,31.195,85.61206568287037,97.79508333333334,70.77225
2018-07-24,invaded,33,24.590542824074074,21.499166666666667,29.7535,97.34893981481481,99.01525,93.11683333333333
2018-07-24,native,33,25.490973507553605,21.67825,34.4585,87.06514006761695,97.576,69.92616666666666
2018-07-25,invaded,34,24.889969618055556,21.24475,30.74116666666667,96.88936197916667,99.00825,88.99866666666667
2018-07-25,native,34,26.062246238425928,21.419583333333332,36.404583333333335,89.63488454861111,96.68591666666667,69.96608333333333
2018-07-26,invaded,35,25.453430555555556,22.620916666666666,30.771916666666666,97.86737991898148,99.00583333333333,92.11833333333334
2018-07-26,native,35,26.339217098992375,22.918499999999998,34.27458333333333,92.20067038739107,95.95108333333333,79.51741666666666
2018-07-27,invaded,36,26.669178819444443,22.988416666666666,32.336666666666666,97.27679456018518,98.99716666666667,89.61408333333333
2018-07-27,native,36,28.140622424000327,23.19225,38.888666666666666,92.31823139441987,100,67.89575
2018-07-28,invaded,37,26.419054976851854,22.353749999999998,32.85166666666667,96.39861226851852,99.011,85.86691666666667
2018-07-28,native,37,27.77330015707672,22.640916666666666,38.67675,92.80212217261905,100,64.39533333333333
2018-07-29,invaded,38,26.30787644675926,22.730833333333333,33.83916666666667,95.52291232638889,99.03641666666667,80.2185
2018-07-29,native,38,27.488755787037036,22.934416666666667,40.432583333333334,92.17999826388889,100,57.62591666666667
2018-07-30,invaded,39,24.603463252314814,22.33566666666667,31.310166666666667,98.06655237268518,99.0495,86.89741666666667
2018-07-30,native,39,25.02693431712963,22.46933333333333,34.362833333333334,98.30122685185185,100,80.08333333333333
2018-07-31,invaded,40,24.022260127314816,22.69475,27.462083333333332,98.85232204861111,99.03533333333334,98.34525
2018-07-31,native,40,24.282022280092594,22.674833333333332,29.127166666666668,93.86071961805555,99.381,90.04375
2018-08-01,invaded,41,24.793575520833333,22.02075,28.581333333333333,98.29428356481482,99.09508333333333,95.63333333333333
2018-08-01,native,41,25.501985254004005,22.122416666666666,30.709,91.82961968061812,97.33533333333334,84.38533333333334
2018-08-02,invaded,42,24.29624710648148,22.301916666666667,30.242166666666666,98.11515596064815,99.12666666666667,93.42325
2018-08-02,native,42,24.9534332226248,22.49725,34.43033333333334,87.97715816223833,97.75866666666667,75.20641666666667
2018-08-03,invaded,43,24.608122685185187,21.487166666666667,30.125666666666667,97.68960619212963,99.12225,92.71625
2018-08-03,native,43,25.707645990980204,21.672666666666668,36.47258333333333,89.61116902538313,99.58266666666667,71.72583333333334
2018-08-04,invaded,44,25.385521412037036,21.905333333333335,30.556833333333334,97.18255787037037,99.1235,90.39441666666667
2018-08-04,native,44,27.19159249046841,22.10025,39.00266666666667,88.3077036526416,99.977,59.66608333333333
2018-08-05,invaded,45,25.824614293981483,21.377916666666668,31.856416666666668,95.70559606481481,99.13725,84.10883333333334
2018-08-05,native,45,27.49498561859732,21.670333333333332,38.855666666666664,91.16956691415484,99.89108333333333,60.84766666666667
2018-08-06,invaded,46,26.32662789351852,21.72425,33.01766666666667,94.2143538773148,99.16733333333333,78.87625
2018-08-06,native,46,27.766142860900672,21.845583333333334,39.95641666666667,89.77601986005892,99.89025,55.17783333333333
2018-08-07,invaded,47,26.684483217592593,21.606749999999998,34.0215,93.57585387731481,99.16458333333333,75.91208333333333
2018-08-07,native,47,27.871775173611113,21.696416666666668,40.87791666666667,91.40268865740741,100,57.649
2018-08-08,invaded,48,26.523145833333334,22.505416666666665,35.34325,95.6309074074074,99.15141666666666,75.56608333333334
2018-08-08,native,48,27.50312210648148,22.571,41.669333333333334,95.00774681712963,100,59.74008333333333
2018-08-09,invaded,49,25.358732060185186,22.609083333333334,32.9855,97.51087644675926,99.19708333333334,83.70691666666667
2018-08-09,native,49,26.026673900462963,22.736833333333333,37.51016666666667,97.5849157986111,100,74.37608333333334
2018-08-10,invaded,50,25.909541377314817,23.096416666666666,32.14875,97.03368489583333,99.19941666666666,86.51508333333334
2018-08-10,native,50,27.386365162037038,23.13425,39.86358333333333,92.59211111111111,100,62.33675
2018-08-11,invaded,51,27.095718460648147,22.822833333333335,34.30675,93.36630208333334,99.24925,76.80258333333333
2018-08-11,native,51,28.417515625,22.93658333333333,41.54991666666667,91.09189988425926,100,58.70025
2018-08-12,invaded,52,26.239723958333332,22.677083333333332,31.33125,96.92941319444445,99.22941666666667,87.0865
2018-08-12,native,52,27.217970775462963,22.748833333333334,36.68658333333333,96.24709780092593,100,78.69483333333334
2018-08-13,invaded,53,26.044780960648147,23.492916666666666,33.21475,97.07333130787038,99.27475,81.41533333333334
2018-08-13,native,53,26.65282957175926,23.546666666666667,38.696,97.14214988425925,100,69.71341666666666
2018-08-14,invaded,54,26.447670717592594,23.2265,32.20766666666667,94.94865769675926,99.30066666666667,82.68558333333334
2018-08-14,native,54,27.072504050925925,23.25425,35.81333333333333,94.92811226851852,100,75.0015
2018-08-15,invaded,55,25.363352719907407,22.848583333333334,34.854,95.96312181712963,99.33308333333333,73.16858333333333
2018-08-15,native,55,26.208223958333335,22.652916666666666,41.78733333333333,95.61064496527777,100,58.774499999999996
2018-08-16,invaded,56,24.988640625,21.423750000000002,31.895166666666668,96.88591377314815,99.33091666666667,85.93766666666667
2018-08-16,native,56,26.415508391203705,21.572833333333335,39.54475,94.27435503472222,100,64.33358333333334
2018-08-17,invaded,57,25.279480902777777,22.272,32.75125,96.87924623842592,99.33766666666666,83.57258333333333
2018-08-17,native,57,26.210516493055557,22.375583333333335,38.884166666666665,94.10563512731481,100,65.94675000000001
2018-08-18,invaded,58,26.28503125,21.901583333333335,33.74216666666667,95.18684664351852,99.38008333333333,78.72366666666666
2018-08-18,native,58,27.843479157332737,22.1125,40.5695,91.02452426288616,100,59.00158333333333
2018-08-19,invaded,59,27.177935474537037,22.569333333333333,35.26175,93.79526070601852,99.40975,74.42208333333333
2018-08-19,native,59,28.34766869212963,22.697,41.24166666666667,91.54649768518519,100,60.84733333333333
2018-08-20,invaded,60,26.449894965277778,22.11075,34.59725,94.50314641203704,99.42783333333334,73.81133333333334
2018-08-20,native,60,27.25680787037037,22.118416666666665,40.46758333333333,94.1560240162037,100,63.86425
2018-08-21,invaded,61,26.033291666666667,22.900916666666667,33.72275,97.51944936342592,99.41716666666667,80.01158333333333
2018-08-21,native,61,26.722075810185185,22.888666666666666,38.27491666666667,97.78637934027778,100,73.56658333333333
2018-08-22,invaded,62,27.18680931712963,23.216583333333332,33.93825,95.53599074074074,99.4785,81.11075
2018-08-22,native,62,28.168702546296295,23.314333333333334,38.9805,94.43129282407408,100,71.94566666666667
2018-08-23,invaded,63,27.237350694444444,22.296083333333335,35.183083333333336,92.09341319444445,99.49916666666667,70.20341666666667
2018-08-23,native,63,28.28588917824074,22.242083333333333,40.44891666666667,91.0699632523148,100,60.91475
2018-08-24,invaded,64,27.291887442129628,23.150833333333335,35.47116666666667,93.07488512731481,99.51033333333334,72.06683333333334
2018-08-24,native,64,28.125957175925926,23.090416666666666,40.798500000000004,92.51375636574073,100,62.069916666666664
2018-08-25,invaded,65,26.876601851851852,22.986833333333333,34.959916666666665,94.33109172453703,99.54825,73.38533333333334
2018-08-25,native,65,27.764022569444446,22.944666666666667,41.533833333333334,93.74954918981481,100,61.00658333333333
2018-08-26,invaded,66,25.156035300925925,22.206416666666666,34.01891666666667,96.83135040509259,99.58483333333334,76.54316666666666
2018-08-26,native,66,25.809878761574076,22.174333333333333,39.06641666666667,97.25375086805556,100,69.39108333333334
2018-08-27,invaded,67,25.4104577313354,21.374166666666667,31.33925,96.39124249390656,99.77975,85.67108333333333
2018-08-27,native,67,27.071674505924697,21.576833333333333,39.419583333333335,93.38244215423502,99.965,64.74758333333334
2018-08-28,invaded,68,25.39712326388889,21.726166666666668,33.323,95.72599855324074,99.74025,80.4995
2018-08-28,native,68,26.229453125,21.636416666666666,37.664833333333334,93.63595052083333,100,68.61225
2018-08-29,invaded,69,23.278977141203704,21.358416666666667,28.44875,95.39074913194445,99.91641666666666,90.20558333333334
2018-08-29,native,69,23.593405671296296,21.4075,30.751583333333333,97.72725578703704,99.93925,92.58666666666667
2018-08-30,invaded,70,23.676689814814814,21.887416666666667,28.818749999999998,91.51251186342593,99.57425,83.24708333333334
2018-08-30,native,70,24.131713541666667,21.931083333333333,33.16283333333333,92.07521875,98.75658333333334,86.44325
2018-08-31,invaded,71,24.989074074074075,21.549083333333332,29.281916666666667,93.5640564236111,100,81.84991666666667
2018-08-31,native,71,26.07419747634863,21.590583333333335,33.426833333333335,91.64572699023752,99.1475,78.94358333333334
2018-09-01,invaded,72,25.24234809027778,22.319916666666668,30.823,94.32347511574073,99.95033333333333,82.37791666666666
2018-09-01,native,72,26.255753761574073,22.383583333333334,36.558083333333336,92.79215104166667,99.09733333333334,71.76333333333334
2018-09-02,invaded,73,24.81825578703704,22.120666666666665,30.48825,95.10475318287037,99.953,83.6345
2018-09-02,native,73,25.495173958333332,22.170083333333334,34.42183333333333,94.63889299768519,98.938,76.05575
2018-09-03,invaded,74,24.24337789351852,22.304,28.467333333333332,94.33394270833334,100,85.64608333333334
2018-09-03,native,74,24.629998628723833,22.32575,30.615333333333332,93.5101774733293,98.78933333333333,87.82908333333333
2018-09-04,invaded,75,25.17423582175926,22.284166666666668,29.40375,93.55884895833333,100,82.13116666666667
2018-09-04,native,75,26.12030127367907,22.580416666666668,33.23008333333333,91.88667941673037,97.54316666666666,84.0535
2018-09-05,invaded,76,25.466382523148148,22.699083333333334,29.9605,94.77706828703704,100,83.53183333333334
2018-09-05,native,76,26.496281697180134,22.806583333333336,34.770583333333335,92.7730684185606,98.33333333333333,78.35358333333333
2018-09-06,invaded,77,25.639257529393152,22.22625,31.688083333333335,94.90851603300693,100,81.65466666666667
2018-09-06,native,77,26.90539445153061,22.31175,37.505583333333334,92.43918978528912,98.61875,67.60608333333333
2018-09-07,invaded,78,24.67620920138889,21.9355,29.657333333333334,95.53925173611111,100,84.3305
2018-09-07,native,78,25.34411910320881,21.8415,33.47891666666667,93.7604534243295,98.23975,82.9215
2018-09-08,invaded,79,25.053844328703704,21.3345,31.38533333333333,92.5241808449074,100,78.79183333333333
2018-09-08,native,79,26.297811224406626,21.44375,38.553333333333335,92.39286614012781,98.41741666666667,61.54391666666667
2018-09-09,invaded,80,25.0591729886399,21.406166666666667,32.05433333333333,92.44848813414255,100,73.51225
2018-09-09,native,80,25.90105510085979,21.334083333333332,38.72083333333333,92.24422624051448,98.92691666666667,63.081
2018-09-10,invaded,81,25.482391125186115,21.77825,31.980166666666666,93.45014815978038,100,76.20741666666667
2018-09-10,native,81,26.2260364812631,21.712083333333332,38.82975,92.64347623820755,98.87108333333333,66.28208333333333
2018-09-11,invaded,82,26.18530827969738,21.768083333333333,33.355,89.7375911528907,97.61366666666666,71.39558333333333
2018-09-11,native,82,27.099940682870372,21.59075,39.67791666666667,91.28592766203704,99.15033333333334,60.267833333333336
2018-09-12,invaded,83,26.000176099537036,22.891583333333333,32.53783333333333,90.69999554398149,93.33241666666666,76.56083333333333
2018-09-12,native,83,26.636325231481482,22.592750000000002,38.54858333333333,95.58587905092593,99.28116666666666,69.168
2018-09-13,invaded,84,26.2673299365942,22.792083333333334,31.730416666666667,92.91253340126812,95.80633333333333,82.00425
2018-09-13,native,84,27.35376128472222,22.596833333333333,37.78525,94.11363802083333,99.1595,73.96233333333333
2018-09-14,invaded,85,27.105774060719373,23.09975,34.42241666666666,89.35561438301282,94.49541666666667,74.23491666666666
2018-09-14,native,85,27.84685763888889,22.814666666666668,39.17508333333333,92.72005613425927,99.23,67.77458333333333
2018-09-15,invaded,86,28.099956981443533,24.635583333333333,35.40425,88.92890094205373,95.87766666666667,71.06566666666667
2018-09-15,native,86,28.824910590277778,24.36775,40.650999999999996,91.69083188657407,99.31408333333333,63.75641666666667
2018-09-16,invaded,87,28.625627314814814,24.517166666666668,35.43366666666667,90.23003125,97.28316666666666,73.14108333333333
2018-09-16,native,87,29.18464872685185,24.299333333333333,39.739666666666665,91.89528530092592,99.31975,67.622
2018-09-17,invaded,88,27.264120659722224,23.766,35.37925,92.13000636574074,97.67458333333333,71.36825
2018-09-17,native,88,27.61619039351852,23.470666666666666,39.541333333333334,94.50801938657408,99.57533333333333,68.64391666666667
2018-09-18,invaded,89,26.9146149551701,22.565583333333333,34.54116666666667,90.44781120511773,97.62125,70.83500000000001
2018-09-18,native,89,27.270762731481483,22.3755,37.77616666666667,93.60248206018518,99.57883333333334,71.59241666666667
2018-09-19,invaded,90,27.291790382476115,23.069166666666668,35.1005,89.23179748642194,97.48775,67.79925
2018-09-19,native,90,27.81206857638889,22.796666666666667,39.01991666666667,91.84475202546297,99.44983333333333,66.76408333333333
2018-09-20,invaded,91,26.313763960040983,22.583750000000002,32.995333333333335,92.22689909684274,97.33741666666667,76.46716666666667
2018-09-20,native,91,26.840924189814814,22.439333333333334,36.827416666666664,95.71369270833334,99.52266666666667,78.28458333333333
2018-09-21,invaded,92,25.482964588650045,21.955750000000002,33.05575,91.25555476213846,97.47583333333333,70.65608333333333
2018-09-21,native,92,25.861551215277778,21.682166666666667,37.807833333333335,95.06810300925926,99.43033333333334,68.06075
2018-09-22,invaded,93,25.4250859375,21.10408333333333,31.916666666666664,89.59534317129629,97.92283333333333,72.13116666666667
2018-09-22,native,93,25.748058159722223,20.76575,34.94891666666667,94.39820659722223,99.39308333333334,75.71616666666667
2018-09-23,invaded,94,25.70604735305958,20.929166666666667,33.46691666666666,88.6482344504831,98.86458333333333,67.10783333333333
2018-09-23,native,94,26.144569444444443,20.595166666666668,36.477666666666664,92.17151851851852,99.36783333333334,68.4485
2018-09-24,invaded,95,24.58100434027778,21.148083333333332,30.67791666666667,93.50926417824074,96.35033333333334,80.09733333333334
2018-09-24,native,95,24.977802083333334,20.62483333333333,34.65833333333333,96.9286730324074,99.33025,78.82691666666666
2018-09-25,invaded,96,25.067097853535355,21.715818181818182,30.17836363636364,97.55397664141414,100,91.45981818181818
2018-09-25,native,96,25.81750434027778,21.660166666666665,34.76533333333333,96.80638744212963,99.27858333333333,86.4205
2018-09-26,invaded,97,25.612635732323234,21.190727272727273,33.288,95.46088226010102,100,80.10981818181818
2018-09-26,native,97,26.33046730324074,21.037916666666668,37.86991666666667,94.31737760416667,99.36675,71.58525
2018-09-27,invaded,98,25.5739163510101,22.22209090909091,31.576,98.12164204545455,100,90.06845454545454
2018-09-27,native,98,26.536638599537035,22.142166666666668,36.297666666666665,95.89052777777778,99.24525,80.12425
2018-09-28,invaded,99,25.40656976010101,21.66390909090909,31.999181818181818,97.29373484848485,100,86.26872727272728
2018-09-28,native,99,25.938688657407408,21.564916666666665,34.873916666666666,95.97127719907408,99.274,79.95025
2018-09-29,invaded,100,24.442706755050505,20.73990909090909,29.220363636363636,97.74137279040404,100,91.89563636363636
2018-09-29,native,100,25.546379918981483,20.753833333333333,35.01866666666667,96.18842939814814,99.12291666666667,82.73308333333333
2018-09-30,invaded,101,24.11123832070707,21.438,30.352818181818183,95.89192960858585,100,85.79181818181819
2018-09-30,native,101,24.714057002314817,21.429666666666666,35.803333333333335,96.3300480324074,99.10025,76.81758333333333
2018-10-01,invaded,102,24.283338383838384,21.874454545454547,28.63418181818182,95.3546313131313,100,89.71909090909091
2018-10-01,native,102,24.997611979166667,21.819583333333334,33.04225,95.59731076388888,98.30083333333333,86.53208333333333
2018-10-02,invaded,103,24.456902802374394,21.949272727272728,28.343454545454545,95.43267141381347,97.24354545454545,90.09618181818182
2018-10-02,native,103,24.903914930555555,21.668333333333333,32.10508333333333,95.07183854166666,98.07641666666666,85.97208333333333
2018-10-03,invaded,104,23.7037922979798,20.25918181818182,29.30336363636364,93.39365277777777,99.0319090909091,84.19572727272727
2018-10-03,native,104,24.329148809523808,20.03933333333333,33.558083333333336,93.1809549024471,98.30025,77.29991666666666
2018-10-04,invaded,105,23.648782512626262,19.536545454545454,30.51909090909091,91.6273014520202,99.16672727272727,77.50363636363636
2018-10-04,native,105,24.346432677469135,19.252083333333335,34.50633333333333,91.92246672453703,98.681,71.01091666666667
2018-10-05,invaded,106,23.708947285353535,18.86390909090909,31.440636363636365,91.11361300505051,98.89918181818182,72.89909090909092
2018-10-05,native,106,24.50191065893754,18.584333333333333,36.544583333333335,90.13449006885594,98.07133333333333,61.107166666666664
2018-10-06,invaded,107,23.748462436868685,18.41181818181818,31.961181818181817,91.3943557449495,98.88363636363637,73.30245454545455
2018-10-06,native,107,24.386164641203703,18.184083333333334,37.104083333333335,91.2316712962963,99.40433333333334,63.10958333333333
2018-10-07,invaded,108,24.22134722222222,19.151454545454545,32.83390909090909,91.16415593434343,99.06209090909091,70.90827272727273
2018-10-07,native,108,24.730795717592592,18.841916666666666,37.01433333333333,91.97964814814814,99.38508333333333,64.14566666666667
2018-10-08,invaded,109,24.420814078282827,21.308090909090907,29.760454545454547,95.06409911616161,98.83245454545454,84.48863636363636
2018-10-08,native,109,24.545791377314814,21.024,32.452,97.1569765625,99.1595,86.2965
2018-10-09,invaded,110,25.169122474747475,22.313636363636363,28.68990909090909,96.18537373737374,98.87263636363636,91.83663636363636
2018-10-09,native,110,25.45911689814815,22.172166666666666,31.37291666666667,97.6644453125,99.10775,93.16975
2018-10-10,invaded,111,25.727857323232325,24.44727272727273,28.52881818181818,98.48885542929293,98.87672727272728,94.9000909090909
2018-10-10,native,111,25.82420630787037,24.301166666666667,29.435333333333332,97.76054600694445,98.82116666666667,93.10858333333333
2018-10-11,invaded,112,26.167296401515152,23.244272727272726,30.616636363636363,97.64672190656566,98.87163636363637,91.89090909090909
2018-10-11,native,112,27.047164641203704,22.860666666666667,35.065666666666665,95.49357899305555,99.25833333333333,80.09958333333333
2018-10-12,invaded,113,21.95208712121212,16.251545454545454,28.606727272727273,94.1172692550505,98.84809090909091,79.92472727272727
2018-10-12,native,113,22.62333622685185,15.791,34.01241666666667,92.9462818287037,99.1115,64.74933333333334
2018-10-13,invaded,114,19.29210700757576,13.600727272727273,28.34372727272727,89.30010984848485,98.81109090909091,70.70336363636363
2018-10-13,native,114,19.9781490162037,13.32375,33.588833333333334,89.98193663194445,99.38608333333333,57.718333333333334
2018-10-14,invaded,115,21.505876447666317,14.360818181818182,31.01,89.97607281870428,98.8859090909091,69.42754545454545
2018-10-14,native,115,22.147967592592593,14.032833333333333,36.31366666666667,91.08507233796297,99.43941666666666,61.2315
2018-10-15,invaded,116,24.562271780303032,19.160090909090908,32.72409090909091,88.81934961219336,95.91818181818182,69.654
2018-10-15,native,116,25.146090856481482,18.788416666666667,37.96925,92.29068431712963,99.39525,65.75733333333334
2018-10-16,invaded,117,25.94147108681876,21.579545454545453,33.30654545454546,89.41523988578753,98.1869090909091,71.22054545454546
2018-10-16,native,117,26.500956886574073,21.216666666666665,38.37866666666667,91.15263252314816,99.34225,64.95125
2018-10-17,invaded,118,25.712761679292928,21.145545454545456,33.30381818181818,92.46993497474747,98.39863636363637,73.86754545454545
2018-10-17,native,118,26.219434895833334,20.757833333333334,38.14208333333333,92.06000520833334,99.38266666666667,64.96975
2018-10-18,invaded,119,24.191633522727273,21.310636363636362,28.479636363636363,97.06499715909091,98.48736363636364,93.904
2018-10-18,native,119,24.944662037037038,21.085583333333332,33.626000000000005,96.86703356481482,99.1315,85.04708333333333
2018-10-19,invaded,120,23.91561710858586,20.181636363636365,29.241090909090907,94.58514741161616,98.023,86.3730909090909
2018-10-19,native,120,24.596763888888887,19.97575,34.830083333333334,95.14816695601851,99.21325,76.59533333333333
2018-10-20,invaded,121,24.881142045454546,20.318,32.209545454545456,92.39962089646464,98.2999090909091,77.28772727272727
2018-10-20,native,121,25.493072916666666,19.973833333333335,37.174,92.9694855324074,99.4205,68.77166666666666
2018-10-21,invaded,122,20.070217803030303,13.553272727272727,25.522363636363636,88.90565751262626,95.85127272727273,73.73445454545454
2018-10-21,native,122,20.22121614583333,13.057,30.659666666666666,92.10065335648149,99.43991666666666,64.319
2018-10-22,invaded,123,17.617799242424244,11.344818181818182,25.66781818181818,88.5209696969697,95.49518181818182,73.10472727272727
2018-10-22,native,123,18.048982349537038,10.752583333333334,29.290333333333333,92.35731047453703,99.29066666666667,70.06183333333334
2018-10-23,invaded,124,19.76257361111111,16.6461,23.6847,95.97629305555556,100,90.9135
2018-10-23,native,124,19.801222800925927,16.559916666666666,24.134916666666665,96.47032349537037,98.8455,92.43691666666666
2018-10-24,invaded,125,20.587911458333334,15.7637,25.8273,94.88747083333334,100,86.0221
2018-10-24,native,125,20.830456597222224,15.509,28.7335,94.31970920138889,98.82325,83.90716666666667
2018-10-25,invaded,126,19.37983877274487,15.0066,25.0662,93.8942196053523,97.5408,87.7685
2018-10-25,native,126,19.175560869140124,14.857583333333334,26.17525,93.71383177871023,97.98258333333334,85.72008333333333
2018-10-26,invaded,127,21.85846284722222,18.8064,26.7023,95.35028194444445,98.4217,93.1962
2018-10-26,native,127,21.956103535353535,18.686363636363637,27.702545454545454,93.62072316919192,97.87818181818182,88.694
2018-10-27,invaded,128,16.761953701519914,12.5501,20.776,93.92763849580713,96.0046,90.5203
2018-10-27,native,128,16.92433491161616,11.946818181818182,24.030727272727272,90.97721022727272,97.709,79.3709090909091
2018-10-28,invaded,129,15.39411813568376,10.0137,23.0302,92.46850734508547,95.9718,82.26089999999999
2018-10-28,native,129,15.676579590548341,9.138,27.713,88.54082243655037,97.51809090909092,66.03881818181819
2018-10-29,invaded,130,18.559565907356532,12.537,27.526600000000002,95.44086809752747,99.1387,79.9186
2018-10-29,native,130,18.663440167653985,12.108181818181817,31.668727272727274,87.97448340548341,98.41327272727273,63.200545454545455
2018-10-30,invaded,131,16.405963541666665,10.3038,25.934,92.99026805555556,97.4767,76.4023
2018-10-30,native,131,16.618196022727272,9.710181818181818,30.41409090909091,87.75191161616162,99.08154545454545,57.284
2018-10-31,invaded,132,18.013671527777777,10.8825,27.674,92.545296875,96.9086,77.9957
2018-10-31,native,132,18.290967803030302,10.463272727272727,32.172636363636364,89.76174747474748,99.40527272727273,62.82009090909091
2018-11-01,invaded,133,20.20788576388889,13.6076,27.854300000000002,91.57651666666666,96.3361,78.0062
2018-11-01,native,133,20.188191287878787,13.135909090909092,29.63118181818182,90.04461426767676,99.34545454545454,68.31018181818182
2018-11-02,invaded,134,20.980341319444445,16.3979,25.1625,94.82641215277778,95.4044,91.8798
2018-11-02,native,134,20.546532512626264,15.671909090909091,25.530363636363635,95.14237657828284,98.637,89.22627272727273
2018-11-03,invaded,135,13.146871527777778,9.2342,17.5669,95.43675902777778,95.9244,93.6973
2018-11-03,native,135,13.67663952020202,8.981454545454545,21.97818181818182,88.76665404040403,95.5019090909091,80.15427272727273
2018-11-04,invaded,136,16.67495034722222,9.1527,22.1021,94.89583888888889,95.854,93.82939999999999
2018-11-04,native,136,16.824683911483252,8.940727272727273,22.53709090909091,86.25905319643806,94.48109090909091,79.4249090909091
2018-11-05,invaded,137,22.514904166666668,20.101,25.8968,94.14475277777778,94.6424,93.7268
2018-11-05,native,137,22.52385101010101,19.631090909090908,27.153545454545455,94.21728851010101,96.90736363636364,88.83454545454545
2018-11-06,invaded,138,22.68987013888889,19.3728,26.9184,93.94003958333333,95.1197,91.6264
2018-11-06,native,138,23.368706123737372,18.93490909090909,32.02645454545454,90.8495091540404,97.844,76.55863636363637
2018-11-07,invaded,139,22.126758333333335,18.1835,27.041,93.56300625,94.3052,90.4985
2018-11-07,native,139,22.871551452020203,17.84527272727273,32.30390909090909,90.98896748737374,97.7800909090909,73.65418181818181
2018-11-08,invaded,140,22.644197916666666,19.3609,27.6305,93.33607222222223,94.5871,88.5837
2018-11-08,native,140,23.18851893939394,19.03872727272727,32.03718181818182,93.84858301767677,99.02654545454546,74.92709090909091
2018-11-09,invaded,141,23.807984722222223,21.059,28.1831,93.12921215277778,94.1337,88.5034
2018-11-09,native,141,24.10799053030303,20.869363636363637,32.57909090909091,95.34734406565657,98.95063636363636,80.48809090909091
2018-11-10,invaded,142,19.688846527777777,12.858,22.9179,94.14229270833333,95.4671,89.9957
2018-11-10,native,142,19.623555871212123,12.442272727272728,25.826636363636364,96.12086268939395,99.02609090909091,81.46190909090909
2018-11-11,invaded,143,16.888902430555554,11.588799999999999,23.7949,94.21752048611111,95.28,90.5447
2018-11-11,native,143,16.998854053636805,11.238363636363637,26.641727272727273,90.25577449715496,97.92990909090909,75.17436363636364
2018-11-12,invaded,144,21.48464826388889,17.046,28.1605,93.1684013888889,94.9177,86.7221
2018-11-12,native,144,21.680847916666668,16.3818,30.7618,94.45265972222222,99.2385,78.7787
2018-11-13,invaded,145,23.421596180555554,19.7654,29.2268,92.56947916666667,94.6772,84.556
2018-11-13,native,145,23.697905808080808,18.956454545454545,32.520272727272726,93.38251426767677,99.03263636363636,69.95845454545454
2018-11-14,invaded,146,19.652830208333334,16.9885,21.5885,94.46061423611111,94.9429,93.1633
2018-11-14,native,146,19.213714646464645,16.378272727272726,21.661,95.66931376262626,98.5430909090909,92.33881818181818
2018-11-15,invaded,147,14.407793402777777,9.3696,19.977,93.43881319444445,96.234,88.3168
2018-11-15,native,147,13.899478930337406,8.688818181818181,19.59018181818182,89.97545362657993,96.37472727272727,82.97118181818182
2018-11-16,invaded,148,9.074323611111112,5.2393,14.928799999999999,85.11834444444445,90.7502,80.2454
2018-11-16,native,148,9.255076041666667,4.4314,18.6285,87.96464201388889,95.1719,78.1757
2018-11-17,invaded,149,10.131397916666668,4.3633999999999995,17.3269,82.64343298611111,89.6461,76.8964
2018-11-17,native,149,11.037839583333334,3.5876,23.7052,86.17095381944445,98.5189,69.928
2018-11-18,invaded,150,14.893404320987655,9.292666666666667,22.67866666666667,85.82528163580247,96.19277777777778,71.16388888888889
2018-11-18,native,150,15.304077083333333,8.7883,28.1024,88.12302430555556,98.315,70.84
2018-11-19,invaded,151,17.418297067901236,13.497777777777777,23.036444444444445,85.90388966049383,95.68622222222223,76.59333333333333
2018-11-19,native,151,17.679725080224628,12.8661,27.9509,90.82937719113518,98.1675,74.2368
2018-11-20,invaded,152,16.95809760802469,12.092222222222222,20.27488888888889,85.15805825617284,89.44633333333333,81.90211111111111
2018-11-20,native,152,16.56624861111111,11.424900000000001,21.0229,94.16761979166667,97.6656,90.2952
2018-11-21,invaded,153,12.866175565883164,8.920111111111112,18.58211111111111,81.45899186815164,86.71655555555556,72.76988888888889
2018-11-21,native,153,13.210682638888889,7.6574,23.937,92.06915520833333,98.6206,75.6595
2018-11-22,invaded,154,12.86271875,6.1571428571428575,19.267142857142858,90.53775049603175,95.84371428571428,81.20014285714285
2018-11-22,native,154,12.648673263888888,5.5387,21.0402,93.18215451388889,98.4335,84.4471
2018-11-23,invaded,155,17.905844246031748,14.091285714285714,23.883857142857142,89.93135168650794,94.68114285714286,80.34571428571428
2018-11-23,native,155,17.568671527777777,13.1096,26.4753,94.28305694444444,98.5498,80.72489999999999
2018-11-24,invaded,156,20.154207837301588,16.863285714285713,25.10157142857143,92.8469871031746,94.12371428571429,88.40242857142857
2018-11-24,native,156,19.89175625,16.1604,26.8057,94.95139201388889,98.7683,84.7371
2018-11-25,invaded,157,18.360888888888887,14.913142857142857,21.38,93.40306299603175,94.591,90.97242857142857
2018-11-25,native,157,17.856377777777777,14.0807,21.6286,96.13003402777778,98.5973,92.403
2018-11-26,invaded,158,17.971218698937907,11.477875000000001,22.5955,84.88828474775327,87.256125,83.32900000000001
2018-11-26,native,158,17.589275347222223,10.3787,22.8725,96.60272395833333,98.042,93.3953
2018-11-27,invaded,159,9.055934952445652,6.080125,12.81975,87.98874998112923,93.03975,79.729625
2018-11-27,native,159,8.904464236111112,5.0149,16.47,89.77068055555556,96.7377,79.8428
2018-11-28,invaded,160,6.03996378968254,1.9195714285714285,12.226714285714285,89.28335466269841,92.528,85.08085714285714
2018-11-28,native,160,6.028694791666666,1.1360999999999999,15.1926,86.41991423611111,95.9603,73.5681
2018-11-29,invaded,161,8.706083333333334,3.0612857142857144,16.359714285714286,90.78137301587302,95.12885714285714,86.67685714285714
2018-11-29,native,161,8.827437847222223,2.2817,19.7355,84.95509166666666,96.5178,69.6738
2018-11-30,invaded,162,12.881158234126984,5.5605714285714285,21.603571428571428,90.93675942460317,96.54342857142858,79.59014285714285
2018-11-30,native,162,13.173571180555555,4.795,26.8446,86.24462013888889,98.73949999999999,61.0585
2018-12-01,invaded,163,18.10302132936508,15.934,20.67457142857143,94.5510679563492,94.92328571428571,94.39228571428572
2018-12-01,native,163,17.637837847222222,15.2487,20.591,95.74391736111112,96.2994,95.2145
2018-12-02,invaded,164,22.395026470496507,19.95475,25.91625,92.22837104696856,93.861125,86.609625
2018-12-02,native,164,22.27759236111111,19.4818,27.0548,95.37341875,97.5559,92.9019
2018-12-03,invaded,165,22.33686149691358,18.961222222222222,24.531444444444446,87.12096855709876,90.6391111111111,84.19488888888888
2018-12-03,native,165,22.221597222222222,18.1926,27.1895,95.85482083333333,98.2057,91.8745
2018-12-04,invaded,166,14.762069878472222,10.291375,19.09175,94.19909288194444,95.507,92.339875
2018-12-04,native,166,15.017615625,9.3872,23.3635,94.427609375,98.332,81.7774
2018-12-05,invaded,167,8.306943576388889,4.58275,13.378875,90.51551736111111,94.83675,87.7535
2018-12-05,native,167,8.395013888888888,3.7942,17.9411,90.56152604166667,97.6351,77.164
2018-12-06,invaded,168,7.331242621527777,2.072375,15.40525,87.51769791666666,91.164625,84.202375
2018-12-06,native,168,7.416567708333333,1.2431,20.2509,87.99949618055555,97.0792,73.3292
2018-12-07,invaded,169,9.315934313600948,4.18275,16.911875,86.44449492928523,88.253625,82.48475
2018-12-07,native,169,9.973429625,3.2404,22.8301,87.71862559722223,97.6768,68.5138
2018-12-08,invaded,170,15.292017069358,8.820375,22.81475,90.99103762714672,95.88625,80.543
2018-12-08,native,170,15.166972889011799,7.8416999999999994,27.629,90.80962557460668,98.7291,68.1624
2018-12-09,invaded,171,17.83440798611111,14.068875,20.796875,93.93028602430556,95.210875,92.52012500000001
2018-12-09,native,171,17.34194861111111,13.2857,20.9299,95.89324791666667,96.8578,94.936
2018-12-10,invaded,172,10.553639476926524,9.33425,14.104875,90.23681779233871,94.892,87.50325
2018-12-10,native,172,9.32095,7.9517,13.249600000000001,90.31400381944445,98.3642,80.0727
2018-12-11,invaded,173,9.555868055555555,5.149857142857143,14.048,86.51967013888888,88.52971428571429,83.87814285714286
2018-12-11,native,173,9.068166319444444,4.1213,17.688,81.25646215277777,95.4137,70.94839999999999
2018-12-12,invaded,174,7.350335317460318,1.1524285714285714,15.240857142857143,86.36516666666667,88.58642857142857,83.54885714285714
2018-12-12,native,174,7.0895537162162166,0.29009999999999997,18.7939,81.00170518018018,93.4102,65.4855
2018-12-13,invaded,175,13.72423431438127,6.900571428571428,19.382571428571428,86.66561609332696,92.51657142857142,82.47785714285715
2018-12-13,native,175,13.379950622002797,5.996666666666667,20.695888888888888,86.39737349808001,95.73533333333333,74.72266666666667
2018-12-14,invaded,176,17.989526785714286,16.68357142857143,19.467142857142857,90.4048005952381,90.98271428571428,89.41914285714286
2018-12-14,native,176,17.45257175925926,16.002333333333333,19.095444444444446,95.00837461419754,95.33555555555556,94.51755555555556
2018-12-15,invaded,177,17.304745535714286,14.382142857142858,19.521571428571427,91.56500595238096,93.94571428571429,88.86585714285714
2018-12-15,native,177,16.879475694444444,13.296555555555555,21.156777777777776,93.87956520061728,95.50044444444444,89.20311111111111
2018-12-16,invaded,178,14.05945634920635,9.492857142857142,18.440857142857144,89.0364007936508,92.13657142857143,85.27
2018-12-16,native,178,13.677240625,8.310599999999999,21.8957,81.97148145833333,89.4012,70.3044
2018-12-17,invaded,179,11.7611875,8.011285714285714,17.153,85.32169246031746,89.91942857142857,81.68028571428572
2018-12-17,native,179,11.30145549514851,6.7964,19.6228,83.15304407230235,90.5524,69.6477
2018-12-18,invaded,180,10.345344246031747,5.261571428571429,17.67942857142857,84.60254712301588,90.78271428571429,78.94042857142857
2018-12-18,native,180,10.067564384920635,3.8999,22.6112,81.75219930555555,91.6243,60.7291
2018-12-19,invaded,181,13.372670138888889,9.692142857142857,16.775714285714287,82.07008730158731,86.39399999999999,78.28542857142857
2018-12-19,native,181,12.749252700617284,8.35211111111111,17.54711111111111,92.73272646604939,98.92688888888888,84.97877777777778
2018-12-20,invaded,182,16.800894345238095,14.883000000000001,18.01985714285714,82.52620734126984,84.84142857142857,79.789
2018-12-20,native,182,16.137453703703702,13.807333333333334,17.576444444444444,91.37802314814815,95.40533333333333,88.23011111111111
2018-12-21,invaded,183,13.065251984126984,9.907571428571428,16.768428571428572,80.5813869047619,83.93571428571428,76.49085714285714
2018-12-21,native,183,12.340215663580247,8.77811111111111,16.50188888888889,91.95258989197531,99.03166666666667,84.566
2018-12-22,invaded,184,10.092963122605363,5.5481428571428575,14.733285714285714,74.34551688218392,81.756,69.96357142857143
2018-12-22,native,184,9.585086033950617,3.082888888888889,19.801777777777776,88.21058333333333,98.31088888888888,71.45088888888888
2018-12-23,invaded,185,8.211958333333333,2.604833333333333,16.711,79.65425347222222,87.653,73.40183333333333
2018-12-23,native,185,8.022319058641976,1.0374444444444444,21.936222222222224,86.66178125,98.87344444444444,66.90188888888889
2018-12-24,invaded,186,12.10929224537037,6.501833333333333,20.389333333333333,85.45452083333333,96.50083333333333,75.288
2018-12-24,native,186,12.025899305555555,5.309444444444444,25.479444444444447,87.47938850308643,98.81155555555556,68.419
2018-12-25,invaded,187,11.876708333333333,6.893833333333333,20.139166666666668,89.61349594907406,97.24433333333333,80.8935
2018-12-25,native,187,11.709644290123457,5.620444444444445,24.574333333333332,89.2317249228395,98.827,69.615
2018-12-26,invaded,188,13.610230324074074,8.001333333333333,20.278,90.90389872685185,97.17616666666666,81.8835
2018-12-26,native,188,13.177073302469136,6.772444444444444,24.663888888888888,91.38723958333333,98.85922222222223,76.33755555555555
2018-12-27,invaded,189,16.933319444444443,10.636,23.301666666666666,90.46394039351853,97.20583333333333,79.25633333333333
2018-12-27,native,189,16.901961033950617,9.522444444444444,25.464666666666666,92.35700733024692,98.49377777777778,80.39744444444445
2018-12-28,invaded,190,21.30251553362573,18.516,25.009999999999998,91.97814134294069,93.99971428571429,79.21742857142857
2018-12-28,native,190,21.80432999736287,18.4829,26.8414,89.97441095727848,98.1134,76.94369999999999
2018-12-29,invaded,191,20.00486656746032,17.62542857142857,23.967714285714287,93.01379117063492,95.60242857142858,88.41057142857143
2018-12-29,native,191,19.670840625,16.6179,25.6917,87.08584618055556,92.521,82.5097
2018-12-30,invaded,192,20.254827876984127,17.305714285714284,24.548142857142857,94.1398189484127,97.00871428571429,92.03685714285714
2018-12-30,native,192,20.152636805555556,16.5845,28.0825,88.32306597222222,97.3482,78.5222
2018-12-31,invaded,193,20.74925564236111,17.378875,24.818625,89.27424921875,94.832375,80.18725
2018-12-31,native,193,21.252369444444444,16.5153,29.024,88.11965729166667,98.33670000000001,70.7759
2019-01-01,invaded,194,19.3628310789801,15.710375,25.451625,88.91444443796642,95.193875,75.6255
2019-01-01,native,194,19.54436215277778,14.5554,31.1817,87.66832777777778,98.4468,64.3198
2019-01-02,invaded,195,19.188451822916665,15.295375,24.244875,90.54358333333333,95.160625,79.534375
2019-01-02,native,195,19.228352430555557,14.1119,28.7339,89.72472083333334,98.4516,71.1251
2019-01-03,invaded,196,19.463600260416666,15.459875,25.61075,92.05749479166667,96.110875,82.557
2019-01-03,native,196,19.25040451388889,14.3564,27.3471,89.826746875,98.4802,74.3665
2019-01-04,invaded,197,18.86574826388889,14.42475,23.449625,92.45539105902778,96.177125,88.97
2019-01-04,native,197,18.2116875,13.1292,24.7774,90.53526319444444,98.03659999999999,84.848
2019-01-05,invaded,198,12.250626236183829,8.712250000000001,15.669,84.92037190726803,93.085125,77.58375
2019-01-05,native,198,11.51453888888889,6.7877,18.2742,90.12353090277777,96.2379,79.073
2019-01-06,invaded,199,11.080634920634921,6.490142857142857,18.179285714285715,87.1197445436508,94.701,80.68314285714285
2019-01-06,native,199,11.198131597222222,5.0442,24.406,87.34813645833333,97.0599,66.3222
2019-01-07,invaded,200,13.300748015873015,6.571428571428571,21.93,89.2348621031746,96.00142857142858,77.76957142857142
2019-01-07,native,200,13.454516666666667,5.292,28.4572,87.29839826388888,98.4474,64.4678
2019-01-08,invaded,201,15.169035714285714,10.706428571428571,22.347857142857144,92.43098511904762,96.24685714285714,84.47028571428571
2019-01-08,native,201,15.075454166666667,9.4834,26.5897,87.52038611111111,98.5459,66.3381
2019-01-09,invaded,202,13.303803974034285,6.3134999999999994,18.773375,93.23744654367364,96.07825,82.689125
2019-01-09,native,202,13.208719271328265,6.099272727272727,21.746545454545455,87.5490098975381,98.40272727272728,67.30836363636364
2019-01-10,invaded,203,7.309455729166666,2.553625,15.5125,93.51293836805556,96.03775,82.531875
2019-01-10,native,203,7.235359445293269,1.6731818181818183,19.098545454545455,89.58043346808421,98.83054545454546,65.64645454545455
2019-01-11,invaded,204,9.036332465277777,1.46275,19.41875,93.46695138888889,96.26375,83.439125
2019-01-11,native,204,8.793612373737373,0.5816363636363636,22.22418181818182,89.28399242424243,98.79227272727273,67.72218181818182
2019-01-12,invaded,205,15.298644239801396,8.200333333333333,23.743666666666666,92.64811517042405,96.42144444444445,72.898
2019-01-12,native,205,14.691295138888888,6.325636363636364,26.110545454545456,89.3511672979798,98.4090909090909,67.89227272727273
2019-01-13,invaded,206,17.03765663580247,11.677222222222222,23.957,92.92469675925926,96.7911111111111,82.10466666666666
2019-01-13,native,206,16.737033775252527,10.513272727272728,26.037363636363636,91.44759659090909,98.83327272727273,69.51881818181818
2019-01-14,invaded,207,12.841445776808786,8.6426,17.1342,89.51262214147286,94.46770000000001,78.1947
2019-01-14,native,207,11.92677840909091,7.202454545454545,19.568636363636365,92.09416950757576,98.87918181818182,75.45445454545454
2019-01-15,invaded,208,10.495868242521368,5.2506,14.775,91.77403376068376,97.08449999999999,79.4859
2019-01-15,native,208,9.412563446969697,3.8920909090909093,15.154545454545454,92.37722948232323,98.7049090909091,78.87627272727272
2019-01-16,invaded,209,8.243788277998007,3.4084545454545454,16.864818181818183,89.6461614459762,95.96863636363636,73.35009090909091
2019-01-16,native,209,7.314171401515152,2.2204545454545457,19.647363636363636,90.6701351010101,98.69818181818182,69.61718181818182
2019-01-17,invaded,210,9.483267687728603,1.790909090909091,20.294727272727272,88.4705446014955,94.52745454545455,62.76309090909091
2019-01-17,native,210,9.109828914141415,0.08790909090909092,24.626,86.37267613636364,98.548,54.120636363636365
2019-01-18,invaded,211,15.638856991684769,8.767083333333334,24.2435,81.5970198607478,91.19441666666667,60.37383333333333
2019-01-18,native,211,15.437148358585858,6.943181818181818,27.922363636363634,87.98977335858586,98.7099090909091,61.392545454545456
2019-01-19,invaded,212,17.802138584307993,11.475,26.152083333333334,86.18041409295809,97.83958333333334,60.28
2019-01-19,native,212,17.437281565656566,10.204090909090908,28.80218181818182,83.6122528409091,98.42218181818181,51.341818181818184
2019-01-20,invaded,213,11.020583267642643,4.321666666666666,19.202916666666667,89.5235284206081,92.13058333333333,87.04383333333334
2019-01-20,native,213,10.208934027777778,2.858727272727273,18.623545454545454,93.71560353535354,98.689,87.28890909090909
2019-01-21,invaded,214,6.024012123704146,1.4,13.213166666666666,88.40785695358187,90.50450000000001,84.29725
2019-01-21,native,214,6.039067234848485,0.18518181818181817,18.165727272727274,90.94438857323232,98.68072727272727,71.1689090909091
2019-01-22,invaded,215,10.964245880991285,3.09325,20.514,87.2304871809835,92.41833333333334,75.76941666666667
2019-01-22,native,215,11.574355744949495,1.911,25.75509090909091,88.48977683080808,98.09109090909091,62.55736363636364
2019-01-23,invaded,216,18.157500410700298,11.8595,25.484416666666668,88.33200376052085,94.67341666666667,71.103
2019-01-23,native,216,17.98151672979798,9.808909090909092,29.20990909090909,85.44577367424242,98.24218181818182,58.342363636363636
2019-01-24,invaded,217,17.31337564547721,10.236166666666668,21.150416666666665,91.99293543002136,95.90808333333334,83.83308333333333
2019-01-24,native,217,16.55418907828283,7.393,23.930363636363637,91.93925883838384,98.68327272727272,77.78836363636364
2019-01-25,invaded,218,8.491010510005975,3.48475,15.027416666666667,88.14047343563321,91.41783333333333,80.65233333333333
2019-01-25,native,218,8.269620896464646,1.7217272727272728,20.24772727272727,90.56755776515152,98.60027272727272,65.70063636363636
2019-01-26,invaded,219,9.21829563927179,4.904416666666666,15.772583333333333,85.82770705409357,90.72416666666666,75.69141666666667
2019-01-26,native,219,8.914082070707071,3.1794545454545453,20.407,89.12059722222223,98.327,63.39509090909091
2019-01-27,invaded,220,8.56594730128456,7.527416666666666,9.71675,88.2054205301252,90.12383333333334,85.99675
2019-01-27,native,220,6.95969255050505,5.969454545454545,8.185363636363636,93.35946243686868,95.87381818181818,90.57454545454546
2019-01-28,invaded,221,8.831269965277778,4.637333333333333,14.351416666666667,86.27739525462962,88.26316666666666,83.57666666666667
2019-01-28,native,221,8.365010101010101,2.8564545454545454,18.980272727272727,92.09826799242424,97.96,81.192
2019-01-29,invaded,222,9.198108506944445,2.5185833333333334,14.83175,86.02215567129629,88.98266666666667,81.94800000000001
2019-01-29,native,222,8.902202651515152,0.8884545454545455,17.730818181818183,90.8380119949495,98.49136363636363,71.837
2019-01-30,invaded,223,6.859861689814815,1.47,11.602833333333333,83.17813570601852,87.789,76.56191666666666
2019-01-30,native,223,6.005320391414141,-0.2698181818181818,14.604909090909091,90.5237058080808,98.73218181818181,69.41990909090909
2019-01-31,invaded,224,7.6460141782407405,0.6114166666666666,16.6795,81.88141377314815,91.90233333333333,69.02833333333334
2019-01-31,native,224,7.184596906565656,-1.1841818181818182,20.68581818181818,88.9186792929293,98.45145454545455,63.22290909090909
2019-02-01,invaded,225,13.46339686824625,8.989083333333333,18.961,80.75190710415077,85.49016666666667,73.135
2019-02-01,native,225,12.69686332070707,7.326727272727273,19.510181818181817,95.7622168560606,98.63227272727272,86.76381818181818
2019-02-02,invaded,226,17.115568181818183,14.205272727272728,22.005272727272725,87.14068686868687,89.60763636363636,82.99309090909091
2019-02-02,native,226,16.54273327020202,12.98109090909091,24.423000000000002,93.93642171717171,97.7849090909091,86.19472727272728
2019-02-03,invaded,227,16.555666035353536,15.209454545454545,18.68881818181818,87.94466035353535,90.39245454545454,85.92209090909091
2019-02-03,native,227,15.585573232323233,14.01290909090909,18.439818181818183,93.37287089646465,94.98845454545454,91.92381818181818
2019-02-04,invaded,228,16.314854990142656,12.191583333333334,20.759666666666668,80.57775040038543,85.98575,72.7645
2019-02-04,native,228,16.059302083333332,10.70490909090909,25.081,93.0753611111111,98.33518181818182,79.6509090909091
2019-02-05,invaded,229,16.09258497320522,11.055666666666667,23.965833333333332,79.6421510099395,85.71958333333333,68.34516666666667
2019-02-05,native,229,16.03369476010101,9.351727272727272,28.748545454545454,90.6754826388889,98.28390909090909,68.91436363636363
2019-02-06,invaded,230,17.101759982378024,11.23375,25.6075,78.3453463531232,85.08175,62.78066666666667
2019-02-06,native,230,17.60221275252525,9.813454545454546,31.251545454545454,88.0377831439394,98.1629090909091,61.13345454545455
2019-02-07,invaded,231,18.241341983709944,11.929333333333334,27.575,79.97069046998571,91.63866666666667,60.261833333333335
2019-02-07,native,231,18.182281565656567,10.558272727272728,32.297363636363634,87.15801641414141,98.11418181818182,58.36536363636364
2019-02-08,invaded,232,18.74395151812509,12.228166666666667,28.012333333333334,82.85125201402613,94.10708333333334,62.021166666666666
2019-02-08,native,232,18.727113005050505,10.729454545454546,32.97209090909091,87.09620707070707,98.0040909090909,57.22109090909091
2019-02-09,invaded,233,15.542333912037037,11.246333333333334,20.205,83.08138194444444,89.41316666666667,72.02641666666666
2019-02-09,native,233,14.696054924242425,9.719181818181818,21.28609090909091,89.10722095959596,98.26372727272728,72.41090909090909
2019-02-10,invaded,234,18.189701967592594,14.727083333333333,23.348166666666668,83.84358217592593,91.77883333333334,72.6115
2019-02-10,native,234,17.37048327020202,13.114545454545455,24.641181818181817,93.43081818181818,98.30036363636364,79.46581818181818
2019-02-11,invaded,235,20.096740162037037,16.296333333333333,27.1235,84.3023822337963,95.64616666666667,67.89416666666666
2019-02-11,native,235,19.82767077020202,14.772727272727273,30.586181818181817,88.67120707070707,98.10381818181818,63.570727272727275
2019-02-12,invaded,236,21.05405787037037,15.4905,29.307,86.3189916087963,96.81875,67.03758333333333
2019-02-12,native,236,20.70415909090909,14.139181818181818,31.997272727272726,87.86880871212121,98.27618181818183,60.95245454545454
2019-02-13,invaded,237,13.173808454195346,7.748083333333334,17.88675,88.05621318061701,93.0325,82.29325
2019-02-13,native,237,12.32967013888889,5.940636363636363,16.865545454545455,94.55538952020201,98.563,84.37954545454545
2019-02-14,invaded,238,11.998333043981482,3.82675,20.990916666666667,84.25977662037037,90.80233333333334,72.294
2019-02-14,native,238,11.570174242424242,1.3410909090909091,26.502909090909093,87.83910953282829,98.62054545454545,58.62345454545454
2019-02-15,invaded,239,16.204357060185185,9.620083333333334,24.582583333333332,81.93658275462963,90.69233333333334,63.774
2019-02-15,native,239,15.74882922979798,7.757727272727273,26.087272727272726,86.80120044191919,98.376,60.779636363636364
2019-02-16,invaded,240,18.804680555555557,11.48675,26.442583333333335,84.06322280092593,95.27725,65.44041666666666
2019-02-16,native,240,18.25575063131313,9.761454545454546,28.04027272727273,87.71296527777778,98.43463636363636,65.61045454545454
2019-02-17,invaded,241,22.10898263888889,18.44575,28.533749999999998,86.60647743055556,95.27175,70.22325000000001
2019-02-17,native,241,21.85836710858586,17.40209090909091,31.82090909090909,88.17579545454545,97.81463636363637,60.044363636363634
2019-02-18,invaded,242,22.764368923611112,18.184333333333335,30.96075,87.5193833912037,96.09366666666666,69.49208333333333
2019-02-18,native,242,22.51396148989899,17.404272727272726,33.97445454545454,87.07406502525252,97.84181818181818,61.14490909090909
2019-02-19,invaded,243,18.98153877314815,14.151416666666668,27.109416666666668,88.66661111111111,96.57341666666667,74.102
2019-02-19,native,243,18.203759154040405,12.796727272727273,29.695272727272727,89.37383049242425,98.36690909090909,66.87245454545454
2019-02-20,invaded,244,20.755286747685187,16.767583333333334,27.831166666666668,88.32384056712964,95.94025,74.0215
2019-02-20,native,244,20.28544633838384,15.263909090909092,29.995,90.88705965909091,98.3979090909091,72.64063636363636
2019-02-21,invaded,245,22.96047193287037,17.418499999999998,31.681333333333335,86.20694675925927,96.48108333333333,63.81
2019-02-21,native,245,23.22418244949495,16.11409090909091,37.030454545454546,82.69451452020202,98.27372727272727,42.85963636363636
2019-02-22,invaded,246,22.808728587962964,16.77916666666667,30.731416666666668,87.48694415509259,96.59683333333334,68.1535
2019-02-22,native,246,22.97231912878788,15.222636363636363,36.161,84.75642992424243,98.21045454545455,52.368818181818185
2019-02-23,invaded,247,23.922236689814817,17.632916666666667,31.94475,86.27767650462962,96.51216666666667,65.24633333333334
2019-02-23,native,247,24.039864583333333,16.33081818181818,37.05709090909091,83.23813036616161,98.19127272727273,48.071636363636365
2019-02-24,invaded,248,21.128269675925928,14.487499999999999,27.84733333333333,91.19380179398148,96.95824999999999,76.57916666666667
2019-02-24,native,248,20.52778693181818,13.186545454545454,28.641545454545454,93.16035921717172,98.4599090909091,72.52318181818181
2019-02-25,invaded,249,13.138544560185185,6.83725,20.611,89.30269704861111,94.51225,77.06816666666667
2019-02-25,native,249,13.74090845959596,5.609090909090909,27.873181818181816,87.25942582070707,98.91636363636364,51.216727272727276
2019-02-26,invaded,250,16.152947337962964,12.046666666666667,19.575833333333335,89.38842997685185,93.01233333333333,86.14133333333334
2019-02-26,native,250,15.3618023989899,10.909,19.339181818181817,96.86140309343435,98.43872727272728,94.21118181818181
2019-02-27,invaded,251,18.817107021443515,14.531833333333333,24.117166666666666,87.91487613924726,91.84433333333334,79.08791666666667
2019-02-27,native,251,18.599648042929292,13.337545454545454,26.864545454545453,93.98654545454545,98.43645454545455,80.55163636363636
2019-02-28,invaded,252,18.7946796875,15.228,23.895916666666665,88.12167483660131,91.17116666666666,82.68291666666667
2019-02-28,native,252,19.11710827020202,14.119636363636364,30.177818181818182,93.35042929292929,98.35272727272728,74.85309090909091
2019-03-01,invaded,253,18.744374842923282,16.31475,25.734666666666666,87.38240775462963,90.07583333333334,78.22025000000001
2019-03-01,native,253,18.82143876262626,15.433272727272728,31.933,92.36992455808081,98.18363636363637,65.19372727272727
2019-03-02,invaded,254,18.2478851010101,15.450363636363637,23.136727272727274,93.0466139520202,95.34509090909091,89.61363636363636
2019-03-02,native,254,17.586229797979797,14.43309090909091,24.596272727272726,96.01708964646464,97.25818181818182,93.08036363636363
2019-03-03,invaded,255,20.517635568957115,17.82525,24.886166666666668,86.69024664961013,88.629,83.0065
2019-03-03,native,255,21.04245580808081,16.928363636363635,28.977,93.07834122474748,98.48036363636363,80.01481818181819
2019-03-04,invaded,256,17.14193402777778,9.630363636363636,20.058545454545456,93.8160946969697,96.34163636363637,90.34136363636364
2019-03-04,native,256,16.72227051767677,8.582636363636363,22.769545454545455,94.96953882575758,98.68327272727272,86.53172727272727
2019-03-05,invaded,257,10.084872109856466,5.656181818181818,14.459545454545454,88.03436147958395,92.42845454545454,81.29209090909092
2019-03-05,native,257,9.421039772727273,4.3851818181818185,17.160818181818183,90.66508680555556,97.97636363636364,80.31872727272727
2019-03-06,invaded,258,6.698385802469136,1.3982222222222223,15.539222222222222,94.72835725308641,97.01911111111112,89.38522222222223
2019-03-06,native,258,7.2893188612823145,0.7604545454545454,19.862545454545455,81.90095500021401,92.81709090909091,54.277
2019-03-07,invaded,259,9.340670138888889,0.9736666666666667,21.044666666666668,91.3313587962963,96.50466666666667,73.87355555555555
2019-03-07,native,259,10.94871097999223,1.2215454545454545,27.276454545454545,85.33477246017871,98.51663636363637,44.654636363636364
2019-03-08,invaded,260,15.066392080823293,6.4751,26.6274,88.62279241549531,96.3494,62.8334
2019-03-08,native,260,15.57626231060606,5.348363636363636,32.402181818181816,81.46110795454545,98.43154545454546,43.71572727272727
2019-03-09,invaded,261,18.837168570896186,10.407181818181819,28.11990909090909,79.68824349969964,89.89918181818182,56.26118181818182
2019-03-09,native,261,18.884799873737375,8.475,33.91581818181818,83.40697443181818,98.23509090909091,48.116
2019-03-10,invaded,262,22.444279156711346,15.531333333333333,31.8255,81.67050811277842,94.98683333333334,48.584583333333335
2019-03-10,native,262,22.46887342171717,13.969181818181818,36.01227272727273,81.65619791666667,97.83927272727273,44.795
2019-03-11,invaded,263,22.212337270381028,16.336583333333333,30.6985,82.11729132970206,94.85341666666666,55.983
2019-03-11,native,263,22.36914393939394,14.950909090909091,35.23563636363636,82.90916887626263,97.77018181818183,47.47654545454545
2019-03-12,invaded,264,20.568808227809654,12.926083333333333,27.979,80.23120049963545,93.58883333333333,54.05766666666667
2019-03-12,native,264,20.50699814310753,11.720272727272727,31.98872727272727,81.44057177494085,97.88118181818182,45.89363636363636
2019-03-13,invaded,265,18.729603527055403,11.819916666666668,28.553583333333332,80.49995522405526,93.19933333333333,50.735416666666666
2019-03-13,native,265,18.72488731060606,10.68890909090909,32.47181818181818,82.43707007575757,98.453,48.77290909090909
2019-03-14,invaded,266,20.538854366679466,13.733083333333333,30.21425,80.55421459640084,93.20066666666666,52.52491666666667
2019-03-14,native,266,20.838325757575756,12.603363636363637,34.74936363636363,82.3374880050505,98.23654545454545,48.290727272727274
2019-03-15,invaded,267,22.003528351731962,15.610333333333333,31.276,80.20485397059909,92.89675,53.2955
2019-03-15,native,267,22.253544191919193,14.646272727272727,34.86754545454546,82.87646306818182,98.11227272727272,51.36872727272728
2019-03-16,invaded,268,18.29952546296296,12.10425,22.389333333333333,83.89441869212963,93.17608333333334,65.956
2019-03-16,native,268,17.7658648989899,11.043454545454546,23.534272727272725,88.6402490530303,98.39572727272727,68.67572727272727
2019-03-17,invaded,269,14.365701931980057,11.99525,17.870916666666666,81.17652219996438,90.20616666666666,74.79675
2019-03-17,native,269,13.571498106060606,10.877272727272727,18.147909090909092,94.91578377525252,98.56654545454545,86.32409090909091
2019-03-18,invaded,270,15.427429919668839,9.919916666666667,23.5335,79.54106086587925,94.05916666666667,50.14391666666667
2019-03-18,native,270,15.48220950468541,9.119818181818182,27.229,81.3792420439333,98.4809090909091,41.894999999999996
2019-03-19,invaded,271,14.697039820801406,11.082,22.636499999999998,81.53265208931992,92.54408333333333,63.91575
2019-03-19,native,271,14.215028724747475,10.205818181818183,24.651,87.2971351010101,97.50427272727273,65.37827272727273
2019-03-20,invaded,272,16.131613781616984,11.481916666666667,24.351916666666668,75.68749318964544,92.03608333333334,47.09891666666667
2019-03-20,native,272,16.247270517676768,10.44590909090909,27.32918181818182,78.16630176767677,94.58563636363637,43.64290909090909
2019-03-21,invaded,273,14.65569724002849,5.379166666666666,26.733583333333332,75.06635081908831,93.42008333333334,43.590333333333334
2019-03-21,native,273,14.81558143939394,4.621,29.407,76.76515056818182,98.67463636363637,39.08890909090909
2019-03-22,invaded,274,14.464419165614478,6.185333333333333,27.2945,74.32617755681818,93.13941666666666,39.62475
2019-03-22,native,274,14.802635416666666,5.261818181818182,31.285,74.62275978535354,98.33736363636363,32.965272727272726
2019-03-23,invaded,275,13.990191141133202,3.8366666666666664,27.748916666666666,74.81600687834884,94.12891666666667,39.78025
2019-03-23,native,275,14.824755681818182,3.1154545454545457,33.30254545454545,74.54574494949495,98.632,31.212454545454545
2019-03-24,invaded,276,16.324509330120936,6.521916666666667,29.658333333333335,76.59991027730537,93.15716666666667,46.28625
2019-03-24,native,276,17.174864583333335,5.952545454545454,35.053363636363635,76.02103156565657,98.31700000000001,36.35309090909091
2019-03-25,invaded,277,18.746940491989044,11.319083333333333,30.808,76.43301885483324,92.445,47.658166666666666
2019-03-25,native,277,19.16144696969697,10.635363636363635,33.51863636363637,77.60516950757575,98.03345454545455,43.07690909090909
2019-03-26,invaded,278,19.495134542909597,13.072,30.50808333333333,78.02675268113711,92.48333333333333,47.845416666666665
2019-03-26,native,278,19.829845643939393,12.112909090909092,34.42527272727273,79.4613961489899,98.088,40.98118181818182
2019-03-27,invaded,279,15.089441956018518,11.404166666666667,21.050583333333332,83.19297869189343,91.7515,70.30933333333333
2019-03-27,native,279,15.888546085858586,11.125818181818182,26.858545454545457,88.64481881313131,98.45354545454545,60.946090909090906
2019-03-28,invaded,280,16.057956534471217,9.686333333333334,26.846666666666668,80.50633755508144,93.5625,53.592666666666666
2019-03-28,native,280,16.74808914923572,9.179454545454545,30.819636363636363,83.24812201662644,98.61290909090908,47.31063636363636
2019-03-29,invaded,281,16.16091310910565,8.402,26.591166666666666,79.36927061331924,93.34225,53.170833333333334
2019-03-29,native,281,17.132872796445316,8.137545454545455,30.21390909090909,82.2749102508337,98.62190909090909,49.14081818181818
2019-03-30,invaded,282,18.779986979166665,11.552833333333334,30.201583333333332,76.89446527777778,92.83208333333333,46.499916666666664
2019-03-30,native,282,19.771617455038186,11.180909090909092,35.07336363636364,79.12846697154471,98.35090909090908,37.81645454545455
2019-03-31,invaded,283,20.205544289501194,12.89175,30.466333333333335,78.90605989583334,92.46683333333334,51.932
2019-03-31,native,283,20.710279987373738,12.361545454545455,34.05481818181818,82.1977370580808,98.27309090909091,47.70381818181818
2019-04-01,invaded,284,13.520686631944445,11.836333333333334,16.415166666666668,82.19786950231482,87.73991666666666,79.0625
2019-04-01,native,284,13.102864267676768,11.318454545454546,15.802,91.96235258838384,98.31809090909091,87.74272727272728
2019-04-02,invaded,285,14.193762095221352,9.87975,19.674666666666667,79.54633637492884,81.8635,75.56883333333333
2019-04-02,native,285,14.757158484422881,9.555818181818182,24.126,88.55452806506072,98.23809090909091,75.98763636363637
2019-04-03,invaded,286,13.43907262585219,6.628727272727272,22.658636363636365,81.54567388329401,87.251,65.99581818181818
2019-04-03,native,286,15.55163547979798,6.775636363636363,28.798181818181817,84.72622571969697,98.65509090909092,50.09972727272727
2019-04-04,invaded,287,17.00389686069095,8.497818181818182,28.592727272727274,78.20852111469105,90.70890909090909,52.74109090909091
2019-04-04,native,287,18.752370192307694,8.975454545454545,34.754636363636365,83.39958267773893,98.49790909090909,44.124545454545455
2019-04-05,invaded,288,19.645539186239624,16.597583333333333,24.389333333333333,82.05686732549178,87.44258333333333,69.15866666666666
2019-04-05,native,288,20.123095959595958,16.402181818181816,27.527,92.91259974747474,97.90290909090909,80.523
2019-04-06,invaded,289,21.60862880015432,15.190083333333334,31.388666666666666,79.31908979552469,92.18533333333333,54.48133333333333
2019-04-06,native,289,22.922839646464645,15.00290909090909,35.87781818181818,85.02205492424243,98.31209090909091,53.45709090909091
2019-04-07,invaded,290,22.712671719382197,15.646,32.71241666666667,77.23785419098195,91.90366666666667,49.2715
2019-04-07,native,290,24.192821338383837,15.357090909090909,39.065363636363635,80.74964488636364,98.04945454545455,42.974636363636364
2019-04-08,invaded,291,23.399359272574564,18.44175,31.843333333333334,80.30939761553589,90.73858333333334,59.97575
2019-04-08,native,291,24.168053661616163,18.098181818181818,35.52727272727273,84.82579703282828,97.73345454545455,57.60327272727273
2019-04-09,invaded,292,21.34002320156695,17.855,28.138416666666668,84.12581502403846,91.147,69.5815
2019-04-09,native,292,21.68914457070707,17.65309090909091,30.895363636363637,94.67773042929292,98.17854545454546,76.40490909090909
2019-04-10,invaded,293,19.61673291043447,14.240833333333333,26.97975,79.93604637197294,88.8,66.779
2019-04-10,native,293,20.89877840909091,14.136727272727272,33.64190909090909,89.96120012626263,98.59136363636364,63.27363636363636
2019-04-11,invaded,294,20.942905470709224,14.36025,30.32125,81.3756777673286,91.45508333333333,56.15258333333333
2019-04-11,native,294,21.928297032828283,14.145454545454546,36.066272727272725,85.62030208333333,98.47690909090909,53.159
2019-04-12,invaded,295,22.984881529967467,16.8495,32.33691666666667,78.03273224787287,91.00383333333333,52.39966666666667
2019-04-12,native,295,24.1780726010101,16.58418181818182,38.14036363636364,82.62065625,98.05918181818181,47.969454545454546
2019-04-13,invaded,296,22.73496741763566,17.13925,31.944666666666667,79.62155380598622,90.38825,55.23408333333333
2019-04-13,native,296,23.606554924242424,16.830909090909092,37.071,87.73004166666666,97.99745454545454,54.25354545454545
2019-04-14,invaded,297,23.183205729166666,19.2465,30.484416666666668,80.63974644510581,90.22233333333334,61.97566666666667
2019-04-14,native,297,23.653485164141415,19.06681818181818,33.268454545454546,88.96241950757576,97.97618181818181,64.48972727272727
2019-04-15,invaded,298,18.79165270969499,11.387833333333333,29.090166666666665,76.3685300585512,92.05375,45.26441666666667
2019-04-15,native,298,19.39078061868687,10.860636363636363,33.383818181818185,80.66944539141414,98.522,40.01209090909091
2019-04-16,invaded,299,17.05316355476939,6.71875,30.680166666666665,72.93608417409155,91.9375,41.55075
2019-04-16,native,299,18.37067860132221,6.482181818181818,36.25909090909091,75.71002430910227,98.48290909090909,31.29190909090909
2019-04-17,invaded,300,20.174257132697456,11.19575,32.743916666666664,74.01366276564592,91.30641666666666,43.743916666666664
2019-04-17,native,300,21.310755681818183,10.828,38.43,78.53869286616161,98.22418181818182,38.23509090909091
2019-04-18,invaded,301,22.391066332671958,13.748916666666666,34.75875,73.63384070271164,91.64191666666667,45.647083333333335
2019-04-18,native,301,23.29699715909091,13.341636363636363,39.40418181818182,75.98569981060606,98.09863636363636,38.13909090909091
2019-04-19,invaded,302,19.522097511574074,13.880083333333333,24.573916666666666,86.06741435185185,92.74283333333334,73.37858333333334
2019-04-19,native,302,19.44352241161616,13.468636363636364,25.186818181818182,95.49564867424243,98.6569090909091,85.00018181818182
2019-04-20,invaded,303,14.532839424165013,9.742416666666667,21.174416666666666,80.9653935127414,86.44933333333333,70.07766666666666
2019-04-20,native,303,15.670403093434343,9.654545454545454,26.546,86.05776357323232,97.52545454545455,60.27618181818182
2019-04-21,invaded,304,16.128841445490124,7.58975,27.621083333333335,79.43448174263034,92.6505,46.92241666666666
2019-04-21,native,304,17.365670494148123,6.960181818181818,33.77063636363636,78.32648371282008,98.70145454545454,34.411
2019-04-22,invaded,305,17.43271267361111,6.930583333333333,31.260833333333334,76.8179378025042,92.86066666666667,40.196333333333335
2019-04-22,native,305,18.97811111111111,6.773818181818181,38.177181818181815,75.17371527777777,98.5160909090909,28.381818181818183
2019-04-23,invaded,306,18.77512013373159,9.383333333333333,32.80433333333333,75.49367880843614,92.63841666666667,40.6035
2019-04-23,native,306,20.33438015919332,9.143,39.711454545454544,74.62154637854044,98.30763636363636,30.221272727272726
2019-04-24,invaded,307,20.595624842171716,11.358,32.04183333333334,75.23017627407656,92.53633333333333,42.71125
2019-04-24,native,307,21.722097853535352,11.043363636363637,37.22936363636364,76.83572348484849,98.60763636363636,38.710454545454546
2019-04-25,invaded,308,21.819132233796296,13.558666666666667,33.606,75.38671961805555,92.26858333333332,47.13075
2019-04-25,native,308,22.86420044191919,13.16009090909091,38.64927272727273,76.70154987373738,98.40581818181818,38.12563636363636
2019-04-26,invaded,309,21.12628732638889,15.422916666666667,27.603583333333333,84.22300115740741,91.84791666666666,73.52783333333333
2019-04-26,native,309,22.066966224747475,15.061545454545454,32.966454545454546,89.91417455808082,98.54509090909092,67.3349090909091
2019-04-27,invaded,310,18.938337981123123,10.330166666666667,30.55875,79.24561170071091,93.368,46.67875
2019-04-27,native,310,20.69516208257953,10.268727272727272,37.33027272727273,78.43122181233981,98.55654545454546,33.18654545454545
2019-04-28,invaded,311,20.308107425386552,10.706333333333333,33.63041666666667,76.69151781339896,92.62416666666667,45.42166666666667
2019-04-28,native,311,21.688964516488415,10.78809090909091,39.52790909090909,79.51275125201596,97.96354545454545,37.22481818181818
2019-04-29,invaded,312,22.210444769227134,13.23025,35.26725,74.52955609292329,92.29416666666667,42.081916666666665
2019-04-29,native,312,23.43779797979798,13.149090909090908,40.00863636363636,76.23562468434343,97.85072727272727,35.58236363636364
2019-04-30,invaded,313,22.976207609953704,14.787916666666668,34.68666666666667,76.20865943287036,92.23133333333334,47.98008333333333
2019-04-30,native,313,23.957664772727274,14.613454545454546,39.51509090909091,78.52978977272727,97.86681818181819,40.253181818181815
2019-05-01,invaded,314,23.7751101013322,16.925083333333333,34.66833333333334,74.91626963458995,91.27633333333333,48.07808333333333
2019-05-01,native,314,24.59730871212121,16.716181818181816,38.741181818181815,77.28328945707071,97.71854545454545,42.353
2019-05-02,invaded,315,22.215809298121112,17.200916666666668,31.058083333333332,83.03742595760679,91.18866666666666,64.34441666666666
2019-05-02,native,315,22.681183396464647,17.025636363636362,33.629,90.3628667929293,97.88336363636364,64.21272727272728
2019-05-03,invaded,316,23.021338831018518,19.559416666666667,27.499833333333335,83.87180150462963,89.61508333333333,75.98658333333333
2019-05-03,native,316,23.51071717171717,19.72190909090909,29.822545454545455,92.57570233585858,96.8370909090909,81.34827272727273
2019-05-04,invaded,317,24.23536574074074,19.345333333333333,30.2485,83.33583420138889,89.33383333333333,72.71133333333333
2019-05-04,native,317,25.74852904040404,19.475363636363635,36.35809090909091,87.85530587121212,97.83781818181818,62.30554545454546
2019-05-05,invaded,318,22.953264756944446,19.805333333333333,26.256416666666667,85.48345862268519,89.29208333333334,81.28524999999999
2019-05-05,native,318,23.25419318181818,19.620272727272727,27.69572727272727,93.93228882575758,97.61863636363637,86.98318181818182
2019-05-06,invaded,319,22.962769224280784,19.254166666666666,29.709333333333333,85.00617301425619,90.75858333333333,71.35175
2019-05-06,native,319,24.659119633838383,19.103454545454547,37.18809090909091,89.00728977272728,97.81427272727272,60.094818181818184
2019-05-07,invaded,320,23.142260072200177,16.982666666666667,32.35908333333333,81.93709220679013,92.60108333333334,58.03391666666667
2019-05-07,native,320,24.83713872098646,17.25709090909091,39.42136363636364,83.83514513485923,97.64,47.32181818181818
2019-05-08,invaded,321,23.054417844029373,16.26625,33.756166666666665,79.42307006305874,92.78275,51.8
2019-05-08,native,321,24.561286616161617,16.421545454545456,39.135636363636365,81.65204797979798,97.89827272727273,44.333090909090906
2019-05-09,invaded,322,23.887847059902892,16.925166666666666,32.51775,79.11423541948962,92.09158333333333,54.708
2019-05-09,native,322,25.147851325757575,16.976,36.767,82.3439375,97.88781818181818,51.90290909090909
2019-05-10,invaded,323,25.132345063212252,19.045916666666667,34.81633333333333,78.86457825854701,92.36258333333333,55.10375
2019-05-10,native,323,26.310575126262627,19.021272727272727,39.72418181818182,80.92223642676768,98.03890909090909,46.70090909090909
2019-05-11,invaded,324,25.297156908524904,17.49041666666667,35.897083333333335,77.3555389627235,92.11466666666666,52.04775
2019-05-11,native,324,26.316034722222224,17.44109090909091,40.47481818181818,80.16133522727273,98.12527272727273,44.12990909090909
2019-05-12,invaded,325,25.409810502094356,19.710083333333333,35.16275,79.41983005401235,91.11008333333334,56.15533333333333
2019-05-12,native,325,25.83859375,19.59418181818182,37.72381818181818,83.81057638888889,98.08027272727273,52.27190909090909
2019-05-13,invaded,326,23.076737216092397,19.646583333333332,28.761333333333333,85.88031581696025,92.61333333333333,72.802
2019-05-13,native,326,23.592292613636364,19.765363636363638,30.715818181818182,92.60143876262626,98.14581818181819,76.21709090909091
2019-05-14,invaded,327,21.865552093160378,17.977833333333333,28.99575,83.96241116024633,93.05216666666666,63.349916666666665
2019-05-14,native,327,23.341099431818183,17.955636363636362,35.094818181818184,86.56451799242424,98.16172727272728,52.828545454545456
2019-05-15,invaded,328,20.41741471852805,13.344333333333333,31.996333333333332,80.71965043353256,92.54741666666666,49.84858333333333
2019-05-15,native,328,21.992217978960227,13.347545454545454,37.189727272727275,82.11314121041205,98.17554545454546,44.173272727272725
2019-05-16,invaded,329,22.181302083333332,14.168666666666667,32.620999999999995,81.32171875,93.80833333333334,61.297333333333334
2019-05-16,native,329,23.87406712962963,14.329333333333333,40.14566666666666,82.32524768518519,100,39.49366666666667
2019-05-17,invaded,330,23.48428125,15.548666666666668,33.58833333333333,81.77387731481481,93.78666666666666,60.744
2019-05-17,native,330,25.134934027777778,15.540666666666667,41.19566666666667,79.7526261574074,100,38.05166666666667
2019-05-18,invaded,331,23.744319444444443,16.145,34.05,80.88932175925926,93.346,59.90566666666667
2019-05-18,native,331,25.30626388888889,16.066,40.598333333333336,77.97173148148148,100,38.797
2019-05-19,invaded,332,22.81110648148148,12.999,34.840333333333334,80.53128703703703,94.791,54.056666666666665
2019-05-19,native,332,24.53656597222222,13.096,42.326,75.8434537037037,99.943,31.563666666666666
2019-05-20,invaded,333,25.659859953703705,17.700333333333333,37.51166666666667,78.85046412037038,93.416,49.791333333333334
2019-05-20,native,333,27.029989583333332,17.589333333333332,43.068333333333335,74.72829166666666,99.35166666666667,32.391333333333336
2019-05-21,invaded,334,27.083072916666666,20.404333333333334,37.663666666666664,79.4039375,92.94466666666666,53.094
2019-05-21,native,334,28.46523842592593,20.229666666666667,44.492666666666665,74.5938449074074,97.248,33.144666666666666
2019-05-22,invaded,335,26.12925810185185,19.436333333333334,35.512,80.53501157407408,92.95566666666666,57.199666666666666
2019-05-22,native,335,27.31653125,19.460333333333335,41.739333333333335,79.10886111111111,100,40.38433333333334
2019-05-23,invaded,336,20.004072646210332,18.096999999999998,25.202666666666666,91.58437341550835,94.243,86.13766666666668
2019-05-23,native,336,20.32034675018881,18.009666666666668,30.336333333333336,94.82194240081745,99.46833333333333,77.54266666666666
