"Date","Time, GMT-04:00","K-Type, °C (LGR S/N: 2249228)"
2017/04/07,10:19:31,19.93
2017/04/07,10:19:32,19.93
2017/04/07,10:19:33,19.93
2017/04/07,10:19:34,19.60
2017/04/07,10:19:35,19.60
2017/04/07,10:19:36,19.93
2017/04/07,10:19:37,19.93
2017/04/07,10:19:38,19.93
2017/04/07,10:19:39,19.60
2017/04/07,10:19:40,19.60
2017/04/07,10:19:41,19.93
2017/04/07,10:19:42,19.26
2017/04/07,10:19:43,18.92
2017/04/07,10:19:44,19.26
2017/04/07,10:19:45,19.26
2017/04/07,10:19:46,19.26
2017/04/07,10:19:47,19.60
2017/04/07,10:19:48,18.92
2017/04/07,10:19:49,18.92
2017/04/07,10:19:50,19.60
2017/04/07,10:19:51,20.27
2017/04/07,10:19:52,21.28
2017/04/07,10:19:53,21.62
2017/04/07,10:19:54,21.28
2017/04/07,10:19:55,20.95
2017/04/07,10:19:56,21.28
2017/04/07,10:19:57,20.95
2017/04/07,10:19:58,20.61
2017/04/07,10:19:59,20.61
2017/04/07,10:20:00,20.61
2017/04/07,10:20:01,20.95
2017/04/07,10:20:02,21.28
2017/04/07,10:20:03,20.95
2017/04/07,10:20:04,20.95
2017/04/07,10:20:05,20.95
2017/04/07,10:20:06,20.61
2017/04/07,10:20:07,20.61
2017/04/07,10:20:08,20.61
2017/04/07,10:20:09,19.93
2017/04/07,10:20:10,19.60
2017/04/07,10:20:11,19.93
2017/04/07,10:20:12,19.93
2017/04/07,10:20:13,19.93
2017/04/07,10:20:14,19.60
2017/04/07,10:20:15,19.60
2017/04/07,10:20:16,19.93
2017/04/07,10:20:17,19.93
2017/04/07,10:20:18,19.93
2017/04/07,10:20:19,19.93
2017/04/07,10:20:20,19.60
2017/04/07,10:20:21,19.60
2017/04/07,10:20:22,19.60
2017/04/07,10:20:23,19.60
2017/04/07,10:20:24,19.93
2017/04/07,10:20:25,19.93
2017/04/07,10:20:26,19.93
2017/04/07,10:20:27,20.27
2017/04/07,10:20:28,20.27
2017/04/07,10:20:29,20.27
2017/04/07,10:20:30,19.93
2017/04/07,10:20:31,19.60
2017/04/07,10:20:32,19.93
2017/04/07,10:20:33,19.60
2017/04/07,10:20:34,19.93
2017/04/07,10:20:35,19.60
2017/04/07,10:20:36,19.60
2017/04/07,10:20:37,19.26
2017/04/07,10:20:38,18.58
2017/04/07,10:20:39,18.25
2017/04/07,10:20:40,17.91
2017/04/07,10:20:41,17.91
2017/04/07,10:20:42,17.91
2017/04/07,10:20:43,17.91
2017/04/07,10:20:44,17.91
2017/04/07,10:20:45,17.91
2017/04/07,10:20:46,18.25
2017/04/07,10:20:47,18.25
2017/04/07,10:20:48,17.91
2017/04/07,10:20:49,17.91
2017/04/07,10:20:50,17.91
2017/04/07,10:20:51,17.91
2017/04/07,10:20:52,17.91
2017/04/07,10:20:53,18.25
2017/04/07,10:20:54,18.25
2017/04/07,10:20:55,18.25
2017/04/07,10:20:56,17.91
2017/04/07,10:20:57,17.91
2017/04/07,10:20:58,18.25
2017/04/07,10:20:59,18.25
2017/04/07,10:21:00,18.25
2017/04/07,10:21:01,18.25
2017/04/07,10:21:02,18.25
2017/04/07,10:21:03,18.25
2017/04/07,10:21:04,18.25
2017/04/07,10:21:05,18.25
2017/04/07,10:21:06,18.25
2017/04/07,10:21:07,18.58
2017/04/07,10:21:08,18.58
2017/04/07,10:21:09,18.92
2017/04/07,10:21:10,18.92
2017/04/07,10:21:11,18.92
2017/04/07,10:21:12,18.92
2017/04/07,10:21:13,18.92
2017/04/07,10:21:14,18.58
2017/04/07,10:21:15,18.58
2017/04/07,10:21:16,18.25
2017/04/07,10:21:17,18.25
2017/04/07,10:21:18,18.25
2017/04/07,10:21:19,18.25
2017/04/07,10:21:20,18.58
2017/04/07,10:21:21,18.58
2017/04/07,10:21:22,18.58
2017/04/07,10:21:23,18.25
2017/04/07,10:21:24,18.25
2017/04/07,10:21:25,17.91
2017/04/07,10:21:26,17.91
2017/04/07,10:21:27,17.91
2017/04/07,10:21:28,17.91
2017/04/07,10:21:29,17.91
2017/04/07,10:21:30,17.91
2017/04/07,10:21:31,17.91
2017/04/07,10:21:32,17.91
2017/04/07,10:21:33,17.91
2017/04/07,10:21:34,17.91
2017/04/07,10:21:35,17.91
2017/04/07,10:21:36,17.91
2017/04/07,10:21:37,17.57
2017/04/07,10:21:38,17.91
2017/04/07,10:21:39,17.91
2017/04/07,10:21:40,17.91
2017/04/07,10:21:41,17.91
2017/04/07,10:21:42,17.91
2017/04/07,10:21:43,17.57
2017/04/07,10:21:44,17.91
2017/04/07,10:21:45,17.91
2017/04/07,10:21:46,17.91
2017/04/07,10:21:47,17.91
2017/04/07,10:21:48,17.91
2017/04/07,10:21:49,17.91
2017/04/07,10:21:50,18.25
2017/04/07,10:21:51,18.25
2017/04/07,10:21:52,18.25
2017/04/07,10:21:53,17.57
2017/04/07,10:21:54,17.91
2017/04/07,10:21:55,17.91
2017/04/07,10:21:56,17.57
2017/04/07,10:21:57,17.57
2017/04/07,10:21:58,17.91
2017/04/07,10:21:59,17.91
2017/04/07,10:22:00,18.25
2017/04/07,10:22:01,17.91
2017/04/07,10:22:02,18.25
2017/04/07,10:22:03,18.25
2017/04/07,10:22:04,17.91
2017/04/07,10:22:05,17.91
2017/04/07,10:22:06,17.91
2017/04/07,10:22:07,17.57
2017/04/07,10:22:08,17.23
2017/04/07,10:22:09,17.23
2017/04/07,10:22:10,17.23
2017/04/07,10:22:11,17.23
2017/04/07,10:22:12,17.57
2017/04/07,10:22:13,17.57
2017/04/07,10:22:14,17.57
2017/04/07,10:22:15,17.57
2017/04/07,10:22:16,17.91
2017/04/07,10:22:17,17.91
2017/04/07,10:22:18,17.91
2017/04/07,10:22:19,17.91
2017/04/07,10:22:20,18.25
2017/04/07,10:22:21,18.25
2017/04/07,10:22:22,18.25
2017/04/07,10:22:23,18.25
2017/04/07,10:22:24,17.91
2017/04/07,10:22:25,18.25
2017/04/07,10:22:26,18.25
2017/04/07,10:22:27,18.25
2017/04/07,10:22:28,18.25
2017/04/07,10:22:29,18.25
2017/04/07,10:22:30,18.25
2017/04/07,10:22:31,17.91
2017/04/07,10:22:32,18.25
2017/04/07,10:22:33,18.25
2017/04/07,10:22:34,18.25
2017/04/07,10:22:35,18.25
2017/04/07,10:22:36,18.25
2017/04/07,10:22:37,18.25
2017/04/07,10:22:38,18.58
2017/04/07,10:22:39,18.92
2017/04/07,10:22:40,18.92
2017/04/07,10:22:41,18.25
2017/04/07,10:22:42,17.91
2017/04/07,10:22:43,17.91
2017/04/07,10:22:44,17.57
2017/04/07,10:22:45,17.57
2017/04/07,10:22:46,17.57
2017/04/07,10:22:47,17.57
2017/04/07,10:22:48,17.57
2017/04/07,10:22:49,17.57
2017/04/07,10:22:50,17.57
2017/04/07,10:22:51,17.57
2017/04/07,10:22:52,17.57
2017/04/07,10:22:53,17.57
2017/04/07,10:22:54,17.57
2017/04/07,10:22:55,17.57
2017/04/07,10:22:56,17.57
2017/04/07,10:22:57,17.57
2017/04/07,10:22:58,17.57
2017/04/07,10:22:59,17.57
2017/04/07,10:23:00,17.57
2017/04/07,10:23:01,17.91
2017/04/07,10:23:02,17.91
2017/04/07,10:23:03,17.57
2017/04/07,10:23:04,17.57
2017/04/07,10:23:05,17.57
2017/04/07,10:23:06,17.57
2017/04/07,10:23:07,17.57
2017/04/07,10:23:08,17.23
2017/04/07,10:23:09,17.23
2017/04/07,10:23:10,17.23
2017/04/07,10:23:11,17.23
2017/04/07,10:23:12,17.23
2017/04/07,10:23:13,17.23
2017/04/07,10:23:14,17.23
2017/04/07,10:23:15,17.23
2017/04/07,10:23:16,17.57
2017/04/07,10:23:17,17.57
2017/04/07,10:23:18,17.57
2017/04/07,10:23:19,17.57
2017/04/07,10:23:20,17.57
2017/04/07,10:23:21,17.57
2017/04/07,10:23:22,17.91
2017/04/07,10:23:23,17.91
2017/04/07,10:23:24,18.25
2017/04/07,10:23:25,17.91
2017/04/07,10:23:26,17.91
2017/04/07,10:23:27,17.91
2017/04/07,10:23:28,18.25
2017/04/07,10:23:29,18.25
2017/04/07,10:23:30,18.25
2017/04/07,10:23:31,18.25
2017/04/07,10:23:32,18.25
2017/04/07,10:23:33,18.25
2017/04/07,10:23:34,18.25
2017/04/07,10:23:35,18.25
2017/04/07,10:23:36,18.25
2017/04/07,10:23:37,18.25
2017/04/07,10:23:38,20.27
2017/04/07,10:23:39,25.32
2017/04/07,10:23:40,26.66
2017/04/07,10:23:41,78.62
2017/04/07,10:23:42,129.27
2017/04/07,10:23:43,303.07
2017/04/07,10:23:44,551.61
2017/04/07,10:23:45,802.22
2017/04/07,10:23:46,888.48
2017/04/07,10:23:47,847.13
2017/04/07,10:23:48,982.15
2017/04/07,10:23:49,936.40
2017/04/07,10:23:50,868.26
2017/04/07,10:23:51,658.21
2017/04/07,10:23:52,494.98
2017/04/07,10:23:53,462.80
2017/04/07,10:23:54,364.73
2017/04/07,10:23:55,310.58
2017/04/07,10:23:56,296.53
2017/04/07,10:23:57,257.30
2017/04/07,10:23:58,203.21
2017/04/07,10:23:59,153.41
2017/04/07,10:24:00,121.62
2017/04/07,10:24:01,94.29
2017/04/07,10:24:02,82.21
2017/04/07,10:24:03,72.43
2017/04/07,10:24:04,61.67
2017/04/07,10:24:05,55.13
2017/04/07,10:24:06,51.85
2017/04/07,10:24:07,46.59
2017/04/07,10:24:08,43.30
2017/04/07,10:24:09,39.99
2017/04/07,10:24:10,50.87
2017/04/07,10:24:11,44.62
2017/04/07,10:24:12,38.33
2017/04/07,10:24:13,33.35
2017/04/07,10:24:14,32.68
2017/04/07,10:24:15,31.01
2017/04/07,10:24:16,30.68
2017/04/07,10:24:17,30.68
2017/04/07,10:24:18,30.34
2017/04/07,10:24:19,30.68
2017/04/07,10:24:20,31.01
2017/04/07,10:24:21,30.34
2017/04/07,10:24:22,30.34
2017/04/07,10:24:23,33.35
2017/04/07,10:24:24,31.68
2017/04/07,10:24:25,29.34
2017/04/07,10:24:26,27.33
2017/04/07,10:24:27,28.67
2017/04/07,10:24:28,29.34
2017/04/07,10:24:29,28.67
2017/04/07,10:24:30,30.34
2017/04/07,10:24:31,31.68
2017/04/07,10:24:32,31.34
2017/04/07,10:24:33,31.34
2017/04/07,10:24:34,31.34
2017/04/07,10:24:35,29.34
2017/04/07,10:24:36,28.34
2017/04/07,10:24:37,30.34
2017/04/07,10:24:38,28.67
2017/04/07,10:24:39,25.65
2017/04/07,10:24:40,24.98
2017/04/07,10:24:41,24.31
2017/04/07,10:24:42,23.30
2017/04/07,10:24:43,23.30
2017/04/07,10:24:44,22.97
2017/04/07,10:24:45,23.98
2017/04/07,10:24:46,25.65
2017/04/07,10:24:47,25.99
2017/04/07,10:24:48,27.00
2017/04/07,10:24:49,27.00
2017/04/07,10:24:50,27.33
2017/04/07,10:24:51,27.67
2017/04/07,10:24:52,28.00
2017/04/07,10:24:53,26.66
2017/04/07,10:24:54,25.99
2017/04/07,10:24:55,25.65
2017/04/07,10:24:56,24.31
2017/04/07,10:24:57,24.98
2017/04/07,10:24:58,26.66
2017/04/07,10:24:59,27.67
2017/04/07,10:25:00,29.67
2017/04/07,10:25:01,29.67
2017/04/07,10:25:02,27.00
2017/04/07,10:25:03,25.99
2017/04/07,10:25:04,25.99
2017/04/07,10:25:05,26.33
2017/04/07,10:25:06,24.98
2017/04/07,10:25:07,23.30
2017/04/07,10:25:08,22.29
2017/04/07,10:25:09,22.97
2017/04/07,10:25:10,21.96
2017/04/07,10:25:11,22.29
2017/04/07,10:25:12,21.96
2017/04/07,10:25:13,21.96
2017/04/07,10:25:14,20.95
2017/04/07,10:25:15,22.63
2017/04/07,10:25:16,22.29
2017/04/07,10:25:17,21.96
2017/04/07,10:25:18,21.96
2017/04/07,10:25:19,22.29
2017/04/07,10:25:20,21.62
2017/04/07,10:25:21,20.61
2017/04/07,10:25:22,21.28
2017/04/07,10:25:23,21.62
2017/04/07,10:25:24,20.27
2017/04/07,10:25:25,19.26
2017/04/07,10:25:26,18.58
2017/04/07,10:25:27,17.91
2017/04/07,10:25:28,18.92
2017/04/07,10:25:29,19.60
2017/04/07,10:25:30,19.93
2017/04/07,10:25:31,19.93
2017/04/07,10:25:32,19.93
2017/04/07,10:25:33,19.60
2017/04/07,10:25:34,19.93
2017/04/07,10:25:35,19.93
2017/04/07,10:25:36,20.61
2017/04/07,10:25:37,20.61
2017/04/07,10:25:38,20.61
2017/04/07,10:25:39,20.61
2017/04/07,10:25:40,20.95
2017/04/07,10:25:41,20.27
2017/04/07,10:25:42,20.27
2017/04/07,10:25:43,19.60
2017/04/07,10:25:44,19.93
2017/04/07,10:25:45,20.27
2017/04/07,10:25:46,20.27
2017/04/07,10:25:47,19.93
2017/04/07,10:25:48,20.27
2017/04/07,10:25:49,19.93
2017/04/07,10:25:50,19.93
2017/04/07,10:25:51,19.93
2017/04/07,10:25:52,19.93
2017/04/07,10:25:53,20.27
2017/04/07,10:25:54,20.27
2017/04/07,10:25:55,20.27
2017/04/07,10:25:56,19.60
2017/04/07,10:25:57,19.60
2017/04/07,10:25:58,20.27
2017/04/07,10:25:59,20.61
2017/04/07,10:26:00,20.27
2017/04/07,10:26:01,20.27
2017/04/07,10:26:02,20.95
2017/04/07,10:26:03,21.28
2017/04/07,10:26:04,21.28
2017/04/07,10:26:05,21.62
2017/04/07,10:26:06,22.29
2017/04/07,10:26:07,22.97
2017/04/07,10:26:08,22.29
2017/04/07,10:26:09,22.29
2017/04/07,10:26:10,21.62
2017/04/07,10:26:11,21.96
2017/04/07,10:26:12,20.95
2017/04/07,10:26:13,20.27
2017/04/07,10:26:14,19.93
2017/04/07,10:26:15,19.93
2017/04/07,10:26:16,20.27
2017/04/07,10:26:17,20.27
2017/04/07,10:26:18,20.61
2017/04/07,10:26:19,20.95
2017/04/07,10:26:20,21.62
2017/04/07,10:26:21,21.96
2017/04/07,10:26:22,21.62
2017/04/07,10:26:23,21.28
2017/04/07,10:26:24,20.95
2017/04/07,10:26:25,20.95
2017/04/07,10:26:26,20.61
2017/04/07,10:26:27,20.27
2017/04/07,10:26:28,19.93
2017/04/07,10:26:29,19.93
2017/04/07,10:26:30,19.93
2017/04/07,10:26:31,20.61
2017/04/07,10:26:32,20.95
2017/04/07,10:26:33,21.28
2017/04/07,10:26:34,21.96
2017/04/07,10:26:35,22.29
2017/04/07,10:26:36,21.96
2017/04/07,10:26:37,21.28
2017/04/07,10:26:38,20.61
2017/04/07,10:26:39,20.27
2017/04/07,10:26:40,19.93
2017/04/07,10:26:41,20.27
2017/04/07,10:26:42,20.27
2017/04/07,10:26:43,20.61
2017/04/07,10:26:44,19.93
2017/04/07,10:26:45,20.27
2017/04/07,10:26:46,20.61
2017/04/07,10:26:47,20.27
2017/04/07,10:26:48,19.93
2017/04/07,10:26:49,19.60
2017/04/07,10:26:50,19.60
2017/04/07,10:26:51,19.60
2017/04/07,10:26:52,18.92
2017/04/07,10:26:53,17.91
2017/04/07,10:26:54,17.91
2017/04/07,10:26:55,18.25
2017/04/07,10:26:56,18.58
2017/04/07,10:26:57,18.58
2017/04/07,10:26:58,19.26
2017/04/07,10:26:59,19.26
2017/04/07,10:27:00,19.26
2017/04/07,10:27:01,18.92
2017/04/07,10:27:02,18.92
2017/04/07,10:27:03,19.93
2017/04/07,10:27:04,20.27
2017/04/07,10:27:05,20.61
2017/04/07,10:27:06,20.95
2017/04/07,10:27:07,21.62
2017/04/07,10:27:08,21.62
2017/04/07,10:27:09,21.62
2017/04/07,10:27:10,21.28
2017/04/07,10:27:11,21.28
2017/04/07,10:27:12,21.28
2017/04/07,10:27:13,21.28
2017/04/07,10:27:14,21.28
2017/04/07,10:27:15,21.62
2017/04/07,10:27:16,21.28
2017/04/07,10:27:17,20.95
2017/04/07,10:27:18,20.61
2017/04/07,10:27:19,20.27
2017/04/07,10:27:20,20.27
2017/04/07,10:27:21,20.27
2017/04/07,10:27:22,20.95
2017/04/07,10:27:23,21.28
2017/04/07,10:27:24,21.28
2017/04/07,10:27:25,20.95
2017/04/07,10:27:26,20.95
2017/04/07,10:27:27,20.95
2017/04/07,10:27:28,21.28
2017/04/07,10:27:29,22.63
2017/04/07,10:27:30,81.23
2017/04/07,10:27:31,203.55
2017/04/07,10:27:32,386.00
2017/04/07,10:27:33,390.83
2017/04/07,10:27:34,329.12
2017/04/07,10:27:35,229.88
2017/04/07,10:27:36,214.38
2017/04/07,10:27:37,228.20
2017/04/07,10:27:38,253.30
2017/04/07,10:27:39,274.19
2017/04/07,10:27:40,487.34
2017/04/07,10:27:41,594.25
2017/04/07,10:27:42,500.66
2017/04/07,10:27:43,345.98
2017/04/07,10:27:44,262.28
2017/04/07,10:27:45,196.77
2017/04/07,10:27:46,145.00
2017/04/07,10:27:47,105.76
2017/04/07,10:27:48,79.93
2017/04/07,10:27:49,67.22
2017/04/07,10:27:50,63.63
2017/04/07,10:27:51,55.79
2017/04/07,10:27:52,48.24
2017/04/07,10:27:53,41.97
2017/04/07,10:27:54,38.66
2017/04/07,10:27:55,38.33
2017/04/07,10:27:56,38.00
2017/04/07,10:27:57,37.00
2017/04/07,10:27:58,37.34
2017/04/07,10:27:59,37.67
2017/04/07,10:28:00,43.63
2017/04/07,10:28:01,42.64
2017/04/07,10:28:02,40.32
2017/04/07,10:28:03,40.32
2017/04/07,10:28:04,78.62
2017/04/07,10:28:05,148.70
2017/04/07,10:28:06,141.98
2017/04/07,10:28:07,184.22
2017/04/07,10:28:08,291.95
2017/04/07,10:28:09,320.67
2017/04/07,10:28:10,221.80
2017/04/07,10:28:11,140.97
2017/04/07,10:28:12,90.36
2017/04/07,10:28:13,60.69
2017/04/07,10:28:14,45.28
2017/04/07,10:28:15,37.00
2017/04/07,10:28:16,33.35
2017/04/07,10:28:17,31.01
2017/04/07,10:28:18,30.68
2017/04/07,10:28:19,31.01
2017/04/07,10:28:20,29.01
2017/04/07,10:28:21,29.34
2017/04/07,10:28:22,29.67
2017/04/07,10:28:23,29.01
2017/04/07,10:28:24,29.67
2017/04/07,10:28:25,29.34
2017/04/07,10:28:26,30.01
2017/04/07,10:28:27,30.01
2017/04/07,10:28:28,28.67
2017/04/07,10:28:29,28.00
2017/04/07,10:28:30,28.00
2017/04/07,10:28:31,26.66
2017/04/07,10:28:32,28.00
2017/04/07,10:28:33,27.67
2017/04/07,10:28:34,27.00
2017/04/07,10:28:35,49.23
2017/04/07,10:28:36,43.30
2017/04/07,10:28:37,35.68
2017/04/07,10:28:38,30.01
2017/04/07,10:28:39,25.99
2017/04/07,10:28:40,24.65
2017/04/07,10:28:41,23.98
2017/04/07,10:28:42,22.97
2017/04/07,10:28:43,22.97
2017/04/07,10:28:44,22.63
2017/04/07,10:28:45,23.64
2017/04/07,10:28:46,23.64
2017/04/07,10:28:47,23.98
2017/04/07,10:28:48,23.30
2017/04/07,10:28:49,23.30
2017/04/07,10:28:50,23.64
2017/04/07,10:28:51,23.30
2017/04/07,10:28:52,23.64
2017/04/07,10:28:53,24.31
2017/04/07,10:28:54,24.31
2017/04/07,10:28:55,24.31
2017/04/07,10:28:56,24.65
2017/04/07,10:28:57,24.98
2017/04/07,10:28:58,31.01
2017/04/07,10:28:59,31.34
2017/04/07,10:29:00,30.68
2017/04/07,10:29:01,29.67
2017/04/07,10:29:02,27.33
2017/04/07,10:29:03,25.99
2017/04/07,10:29:04,24.31
2017/04/07,10:29:05,23.30
2017/04/07,10:29:06,23.64
2017/04/07,10:29:07,24.31
2017/04/07,10:29:08,24.65
2017/04/07,10:29:09,23.98
2017/04/07,10:29:10,23.64
2017/04/07,10:29:11,22.97
2017/04/07,10:29:12,22.63
2017/04/07,10:29:13,22.97
2017/04/07,10:29:14,23.64
2017/04/07,10:29:15,23.64
2017/04/07,10:29:16,23.64
2017/04/07,10:29:17,22.63
2017/04/07,10:29:18,22.29
2017/04/07,10:29:19,25.32
2017/04/07,10:29:20,24.98
2017/04/07,10:29:21,23.64
2017/04/07,10:29:22,23.98
2017/04/07,10:29:23,25.99
2017/04/07,10:29:24,24.98
2017/04/07,10:29:25,23.64
2017/04/07,10:29:26,22.97
2017/04/07,10:29:27,22.97
2017/04/07,10:29:28,23.30
2017/04/07,10:29:29,22.97
2017/04/07,10:29:30,22.63
2017/04/07,10:29:31,21.96
2017/04/07,10:29:32,21.96
2017/04/07,10:29:33,21.96
2017/04/07,10:29:34,21.96
2017/04/07,10:29:35,21.62
2017/04/07,10:29:36,22.29
2017/04/07,10:29:37,22.63
2017/04/07,10:29:38,22.29
2017/04/07,10:29:39,21.96
2017/04/07,10:29:40,21.96
2017/04/07,10:29:41,21.96
2017/04/07,10:29:42,21.96
2017/04/07,10:29:43,22.63
2017/04/07,10:29:44,22.63
2017/04/07,10:29:45,22.63
2017/04/07,10:29:46,22.29
2017/04/07,10:29:47,21.62
2017/04/07,10:29:48,21.62
2017/04/07,10:29:49,21.28
2017/04/07,10:29:50,21.28
2017/04/07,10:29:51,20.27
2017/04/07,10:29:52,20.27
2017/04/07,10:29:53,20.61
2017/04/07,10:29:54,21.28
2017/04/07,10:29:55,21.62
2017/04/07,10:29:56,22.29
2017/04/07,10:29:57,21.96
2017/04/07,10:29:58,21.96
2017/04/07,10:29:59,21.62
2017/04/07,10:30:00,20.95
2017/04/07,10:30:01,22.29
2017/04/07,10:30:02,22.63
2017/04/07,10:30:03,27.67
2017/04/07,10:30:04,28.00
2017/04/07,10:30:05,27.33
2017/04/07,10:30:06,24.98
2017/04/07,10:30:07,23.64
2017/04/07,10:30:08,22.63
2017/04/07,10:30:09,22.29
2017/04/07,10:30:10,21.62
2017/04/07,10:30:11,21.96
2017/04/07,10:30:12,21.96
2017/04/07,10:30:13,21.96
2017/04/07,10:30:14,21.62
2017/04/07,10:30:15,20.95
2017/04/07,10:30:16,20.61
2017/04/07,10:30:17,19.93
2017/04/07,10:30:18,20.27
2017/04/07,10:30:19,20.27
2017/04/07,10:30:20,20.61
2017/04/07,10:30:21,20.95
2017/04/07,10:30:22,21.28
2017/04/07,10:30:23,21.28
2017/04/07,10:30:24,21.28
2017/04/07,10:30:25,21.28
2017/04/07,10:30:26,21.28
2017/04/07,10:30:27,21.62
2017/04/07,10:30:28,21.62
2017/04/07,10:30:29,21.96
2017/04/07,10:30:30,21.62
2017/04/07,10:30:31,21.96
2017/04/07,10:30:32,21.96
2017/04/07,10:30:33,22.29
2017/04/07,10:30:34,22.29
2017/04/07,10:30:35,21.96
2017/04/07,10:30:36,21.62
2017/04/07,10:30:37,21.28
2017/04/07,10:30:38,21.28
2017/04/07,10:30:39,20.95
2017/04/07,10:30:40,19.93
2017/04/07,10:30:41,19.26
2017/04/07,10:30:42,19.26
2017/04/07,10:30:43,19.26
2017/04/07,10:30:44,19.26
2017/04/07,10:30:45,19.93
2017/04/07,10:30:46,19.93
2017/04/07,10:30:47,19.93
2017/04/07,10:30:48,19.60
2017/04/07,10:30:49,19.60
2017/04/07,10:30:50,19.60
2017/04/07,10:30:51,19.26
2017/04/07,10:30:52,18.92
2017/04/07,10:30:53,19.26
2017/04/07,10:30:54,19.60
2017/04/07,10:30:55,19.26
2017/04/07,10:30:56,19.60
2017/04/07,10:30:57,19.26
2017/04/07,10:30:58,19.60
2017/04/07,10:30:59,19.60
2017/04/07,10:31:00,19.26
2017/04/07,10:31:01,19.60
2017/04/07,10:31:02,19.60
2017/04/07,10:31:03,19.93
2017/04/07,10:31:04,19.93
2017/04/07,10:31:05,19.93
2017/04/07,10:31:06,19.60
2017/04/07,10:31:07,19.60
2017/04/07,10:31:08,19.60
2017/04/07,10:31:09,19.60
2017/04/07,10:31:10,19.93
2017/04/07,10:31:11,19.60
2017/04/07,10:31:12,19.60
2017/04/07,10:31:13,19.26
2017/04/07,10:31:14,19.60
2017/04/07,10:31:15,19.60
2017/04/07,10:31:16,19.93
2017/04/07,10:31:17,20.61
2017/04/07,10:31:18,21.28
2017/04/07,10:31:19,21.28
2017/04/07,10:31:20,21.28
2017/04/07,10:31:21,21.28
2017/04/07,10:31:22,20.95
2017/04/07,10:31:23,20.61
2017/04/07,10:31:24,20.27
2017/04/07,10:31:25,19.93
2017/04/07,10:31:26,19.26
2017/04/07,10:31:27,18.92
2017/04/07,10:31:28,19.60
2017/04/07,10:31:29,19.60
2017/04/07,10:31:30,19.93
2017/04/07,10:31:31,19.93
2017/04/07,10:31:32,19.60
2017/04/07,10:31:33,19.26
2017/04/07,10:31:34,19.60
2017/04/07,10:31:35,19.60
2017/04/07,10:31:36,18.25
2017/04/07,10:31:37,17.57
2017/04/07,10:31:38,17.57
2017/04/07,10:31:39,17.57
2017/04/07,10:31:40,17.23
2017/04/07,10:31:41,18.92
2017/04/07,10:31:42,18.25
2017/04/07,10:31:43,17.91
2017/04/07,10:31:44,17.91
2017/04/07,10:31:45,17.57
2017/04/07,10:31:46,17.57
2017/04/07,10:31:47,17.57
2017/04/07,10:31:48,17.57
2017/04/07,10:31:49,17.91
2017/04/07,10:31:50,18.25
2017/04/07,10:31:51,19.26
2017/04/07,10:31:52,19.26
2017/04/07,10:31:53,19.26
2017/04/07,10:31:54,19.26
2017/04/07,10:31:55,19.60
2017/04/07,10:31:56,19.60
2017/04/07,10:31:57,19.60
2017/04/07,10:31:58,19.93
2017/04/07,10:31:59,20.27
2017/04/07,10:32:00,20.61
2017/04/07,10:32:01,20.27
2017/04/07,10:32:02,20.27
2017/04/07,10:32:03,20.27
2017/04/07,10:32:04,20.27
2017/04/07,10:32:05,20.27
2017/04/07,10:32:06,19.93
2017/04/07,10:32:07,19.93
2017/04/07,10:32:08,20.61
2017/04/07,10:32:09,20.61
2017/04/07,10:32:10,20.61
2017/04/07,10:32:11,20.27
2017/04/07,10:32:12,20.27
2017/04/07,10:32:13,20.27
2017/04/07,10:32:14,20.27
2017/04/07,10:32:15,20.61
2017/04/07,10:32:16,20.61
2017/04/07,10:32:17,20.61
2017/04/07,10:32:18,20.27
2017/04/07,10:32:19,19.60
2017/04/07,10:32:20,18.92
2017/04/07,10:32:21,18.25
2017/04/07,10:32:22,17.57
2017/04/07,10:32:23,17.57
2017/04/07,10:32:24,17.57
2017/04/07,10:32:25,17.91
2017/04/07,10:32:26,18.25
2017/04/07,10:32:27,18.58
2017/04/07,10:32:28,18.92
2017/04/07,10:32:29,19.60
2017/04/07,10:32:30,19.60
2017/04/07,10:32:31,20.61
2017/04/07,10:32:32,21.28
2017/04/07,10:32:33,21.28
2017/04/07,10:32:34,20.61
2017/04/07,10:32:35,20.27
2017/04/07,10:32:36,20.61
2017/04/07,10:32:37,20.61
2017/04/07,10:32:38,20.95
2017/04/07,10:32:39,20.27
2017/04/07,10:32:40,19.60
2017/04/07,10:32:41,19.26
2017/04/07,10:32:42,18.58
2017/04/07,10:32:43,18.58
2017/04/07,10:32:44,18.58
2017/04/07,10:32:45,19.26
2017/04/07,10:32:46,18.58
2017/04/07,10:32:47,18.25
2017/04/07,10:32:48,18.25
2017/04/07,10:32:49,17.57
2017/04/07,10:32:50,17.57
2017/04/07,10:32:51,17.57
2017/04/07,10:32:52,17.57
2017/04/07,10:32:53,17.91
2017/04/07,10:32:54,18.25
2017/04/07,10:32:55,18.25
2017/04/07,10:32:56,17.91
2017/04/07,10:32:57,17.57
2017/04/07,10:32:58,17.91
2017/04/07,10:32:59,17.91
2017/04/07,10:33:00,17.57
2017/04/07,10:33:01,17.57
2017/04/07,10:33:02,18.25
2017/04/07,10:33:03,18.25
2017/04/07,10:33:04,18.58
2017/04/07,10:33:05,18.58
2017/04/07,10:33:06,18.92
2017/04/07,10:33:07,19.26
2017/04/07,10:33:08,19.26
2017/04/07,10:33:09,19.60
2017/04/07,10:33:10,19.60
2017/04/07,10:33:11,19.60
2017/04/07,10:33:12,19.93
2017/04/07,10:33:13,19.60
2017/04/07,10:33:14,19.60
2017/04/07,10:33:15,20.27
2017/04/07,10:33:16,20.95
2017/04/07,10:33:17,20.61
2017/04/07,10:33:18,19.93
2017/04/07,10:33:19,19.60
2017/04/07,10:33:20,19.26
2017/04/07,10:33:21,18.92
2017/04/07,10:33:22,18.25
2017/04/07,10:33:23,17.91
2017/04/07,10:33:24,17.57
2017/04/07,10:33:25,17.57
2017/04/07,10:33:26,17.57
2017/04/07,10:33:27,17.57
2017/04/07,10:33:28,17.91
2017/04/07,10:33:29,18.58
2017/04/07,10:33:30,19.60
2017/04/07,10:33:31,19.93
2017/04/07,10:33:32,19.60
2017/04/07,10:33:33,18.92
2017/04/07,10:33:34,18.58
2017/04/07,10:33:35,18.58
2017/04/07,10:33:36,18.25
2017/04/07,10:33:37,18.25
2017/04/07,10:33:38,18.25
2017/04/07,10:33:39,18.25
2017/04/07,10:33:40,18.58
2017/04/07,10:33:41,18.58
2017/04/07,10:33:42,18.58
2017/04/07,10:33:43,18.25
2017/04/07,10:33:44,18.25
2017/04/07,10:33:45,17.91
2017/04/07,10:33:46,17.57
2017/04/07,10:33:47,17.23
2017/04/07,10:33:48,17.57
2017/04/07,10:33:49,17.57
2017/04/07,10:33:50,17.23
2017/04/07,10:33:51,17.23
2017/04/07,10:33:52,17.57
2017/04/07,10:33:53,17.91
2017/04/07,10:33:54,18.25
2017/04/07,10:33:55,18.25
2017/04/07,10:33:56,18.25
2017/04/07,10:33:57,17.91
2017/04/07,10:33:58,18.25
2017/04/07,10:33:59,18.92
2017/04/07,10:34:00,19.26
2017/04/07,10:34:01,19.60
2017/04/07,10:34:02,20.27
2017/04/07,10:34:03,20.27
2017/04/07,10:34:04,20.95
2017/04/07,10:34:05,21.28
2017/04/07,10:34:06,21.62
2017/04/07,10:34:07,21.96
2017/04/07,10:34:08,21.96
2017/04/07,10:34:09,21.96
2017/04/07,10:34:10,21.62
2017/04/07,10:34:11,21.28
2017/04/07,10:34:12,21.28
2017/04/07,10:34:13,20.61
2017/04/07,10:34:14,20.61
2017/04/07,10:34:15,20.95
2017/04/07,10:34:16,20.95
2017/04/07,10:34:17,20.95
2017/04/07,10:34:18,20.95
2017/04/07,10:34:19,20.95
2017/04/07,10:34:20,20.95
2017/04/07,10:34:21,21.28
2017/04/07,10:34:22,21.96
2017/04/07,10:34:23,21.96
2017/04/07,10:34:24,21.96
2017/04/07,10:34:25,21.96
2017/04/07,10:34:26,21.96
2017/04/07,10:34:27,21.96
2017/04/07,10:34:28,22.63
2017/04/07,10:34:29,22.97
2017/04/07,10:34:30,22.97
2017/04/07,10:34:31,23.30
2017/04/07,10:34:32,23.30
2017/04/07,10:34:33,23.30
2017/04/07,10:34:34,22.63
2017/04/07,10:34:35,22.29
2017/04/07,10:34:36,21.96
2017/04/07,10:34:37,22.29
2017/04/07,10:34:38,22.29
2017/04/07,10:34:39,22.29
2017/04/07,10:34:40,22.29
2017/04/07,10:34:41,22.63
2017/04/07,10:34:42,22.97
2017/04/07,10:34:43,22.97
2017/04/07,10:34:44,23.64
2017/04/07,10:34:45,23.64
2017/04/07,10:34:46,22.97
2017/04/07,10:34:47,22.63
2017/04/07,10:34:48,21.96
2017/04/07,10:34:49,21.62
2017/04/07,10:34:50,21.28
2017/04/07,10:34:51,20.95
2017/04/07,10:34:52,20.61
2017/04/07,10:34:53,21.28
2017/04/07,10:34:54,20.95
2017/04/07,10:34:55,20.95
2017/04/07,10:34:56,20.27
2017/04/07,10:34:57,20.61
2017/04/07,10:34:58,21.28
2017/04/07,10:34:59,20.95
2017/04/07,10:35:00,20.95
2017/04/07,10:35:01,21.62
2017/04/07,10:35:02,21.96
2017/04/07,10:35:03,21.96
2017/04/07,10:35:04,22.29
2017/04/07,10:35:05,22.29
2017/04/07,10:35:06,22.63
2017/04/07,10:35:07,22.63
2017/04/07,10:35:08,22.63
2017/04/07,10:35:09,22.29
2017/04/07,10:35:10,21.96
2017/04/07,10:35:11,21.96
2017/04/07,10:35:12,22.29
2017/04/07,10:35:13,22.29
2017/04/07,10:35:14,21.96
2017/04/07,10:35:15,21.28
2017/04/07,10:35:16,21.28
2017/04/07,10:35:17,21.28
2017/04/07,10:35:18,21.62
2017/04/07,10:35:19,21.62
2017/04/07,10:35:20,21.28
2017/04/07,10:35:21,21.28
2017/04/07,10:35:22,21.28
2017/04/07,10:35:23,21.62
2017/04/07,10:35:24,21.96
2017/04/07,10:35:25,21.96
2017/04/07,10:35:26,21.96
2017/04/07,10:35:27,21.96
2017/04/07,10:35:28,21.96
2017/04/07,10:35:29,21.96
2017/04/07,10:35:30,22.29
2017/04/07,10:35:31,22.97
2017/04/07,10:35:32,22.63
2017/04/07,10:35:33,21.96
2017/04/07,10:35:34,21.62
2017/04/07,10:35:35,21.28
2017/04/07,10:35:36,21.28
2017/04/07,10:35:37,20.95
2017/04/07,10:35:38,20.61
2017/04/07,10:35:39,20.61
2017/04/07,10:35:40,20.61
2017/04/07,10:35:41,20.61
2017/04/07,10:35:42,20.61
2017/04/07,10:35:43,20.61
2017/04/07,10:35:44,20.95
2017/04/07,10:35:45,20.95
2017/04/07,10:35:46,20.95
2017/04/07,10:35:47,20.27
2017/04/07,10:35:48,19.60
2017/04/07,10:35:49,19.60
2017/04/07,10:35:50,19.60
2017/04/07,10:35:51,20.95
2017/04/07,10:35:52,20.95
2017/04/07,10:35:53,20.95
2017/04/07,10:35:54,20.61
2017/04/07,10:35:55,20.95
2017/04/07,10:35:56,20.95
2017/04/07,10:35:57,21.62
2017/04/07,10:35:58,21.96
2017/04/07,10:35:59,22.63
2017/04/07,10:36:00,22.63
2017/04/07,10:36:01,22.63
2017/04/07,10:36:02,23.30
2017/04/07,10:36:03,23.64
2017/04/07,10:36:04,23.30
2017/04/07,10:36:05,23.30
2017/04/07,10:36:06,22.63
2017/04/07,10:36:07,22.63
2017/04/07,10:36:08,22.97
2017/04/07,10:36:09,23.64
2017/04/07,10:36:10,23.30
2017/04/07,10:36:11,23.64
2017/04/07,10:36:12,22.97
2017/04/07,10:36:13,22.63
2017/04/07,10:36:14,22.29
2017/04/07,10:36:15,22.63
2017/04/07,10:36:16,22.63
2017/04/07,10:36:17,22.97
2017/04/07,10:36:18,22.97
2017/04/07,10:36:19,22.63
2017/04/07,10:36:20,21.96
2017/04/07,10:36:21,21.28
2017/04/07,10:36:22,21.62
2017/04/07,10:36:23,21.62
2017/04/07,10:36:24,21.62
2017/04/07,10:36:25,21.28
2017/04/07,10:36:26,21.62
2017/04/07,10:36:27,21.62
2017/04/07,10:36:28,21.62
2017/04/07,10:36:29,21.96
2017/04/07,10:36:30,21.62
2017/04/07,10:36:31,21.28
2017/04/07,10:36:32,21.28
2017/04/07,10:36:33,21.62
2017/04/07,10:36:34,21.96
2017/04/07,10:36:35,22.29
2017/04/07,10:36:36,21.96
2017/04/07,10:36:37,22.29
2017/04/07,10:36:38,22.63
2017/04/07,10:36:39,22.29
2017/04/07,10:36:40,22.63
2017/04/07,10:36:41,22.29
2017/04/07,10:36:42,22.63
2017/04/07,10:36:43,23.30
2017/04/07,10:36:44,23.30
2017/04/07,10:36:45,23.64
2017/04/07,10:36:46,23.64
2017/04/07,10:36:47,23.64
2017/04/07,10:36:48,22.97
2017/04/07,10:36:49,22.29
2017/04/07,10:36:50,22.29
2017/04/07,10:36:51,22.29
2017/04/07,10:36:52,22.29
2017/04/07,10:36:53,22.29
2017/04/07,10:36:54,22.29
2017/04/07,10:36:55,21.96
2017/04/07,10:36:56,20.95
2017/04/07,10:36:57,20.61
2017/04/07,10:36:58,20.61
2017/04/07,10:36:59,21.28
2017/04/07,10:37:00,21.28
2017/04/07,10:37:01,21.62
2017/04/07,10:37:02,21.62
2017/04/07,10:37:03,21.96
2017/04/07,10:37:04,21.96
2017/04/07,10:37:05,21.96
2017/04/07,10:37:06,21.28
2017/04/07,10:37:07,21.28
2017/04/07,10:37:08,21.62
2017/04/07,10:37:09,21.62
2017/04/07,10:37:10,20.95
2017/04/07,10:37:11,21.28
2017/04/07,10:37:12,20.27
2017/04/07,10:37:13,20.27
2017/04/07,10:37:14,19.93
2017/04/07,10:37:15,20.27
2017/04/07,10:37:16,20.61
2017/04/07,10:37:17,20.61
2017/04/07,10:37:18,20.95
2017/04/07,10:37:19,21.28
2017/04/07,10:37:20,20.95
2017/04/07,10:37:21,21.28
2017/04/07,10:37:22,20.95
2017/04/07,10:37:23,20.27
2017/04/07,10:37:24,18.92
2017/04/07,10:37:25,18.92
2017/04/07,10:37:26,18.58
2017/04/07,10:37:27,18.58
2017/04/07,10:37:28,17.91
2017/04/07,10:37:29,17.57
2017/04/07,10:37:30,18.58
2017/04/07,10:37:31,19.93
2017/04/07,10:37:32,20.61
2017/04/07,10:37:33,20.95
2017/04/07,10:37:34,21.62
2017/04/07,10:37:35,21.62
2017/04/07,10:37:36,22.63
2017/04/07,10:37:37,20.95
2017/04/07,10:37:38,19.60
2017/04/07,10:37:39,19.60
2017/04/07,10:37:40,19.93
2017/04/07,10:37:41,19.60
2017/04/07,10:37:42,17.57
2017/04/07,10:37:43,17.23
2017/04/07,10:37:44,17.57
2017/04/07,10:37:45,17.57
2017/04/07,10:37:46,17.57
2017/04/07,10:37:47,17.91
2017/04/07,10:37:48,17.91
2017/04/07,10:37:49,18.25
2017/04/07,10:37:50,17.91
2017/04/07,10:37:51,18.25
2017/04/07,10:37:52,18.58
2017/04/07,10:37:53,17.91
2017/04/07,10:37:54,18.25
2017/04/07,10:37:55,17.57
2017/04/07,10:37:56,14.86
2017/04/07,10:37:57,15.54
2017/04/07,10:37:58,16.22
2017/04/07,10:37:59,16.22
2017/04/07,10:38:00,16.22
2017/04/07,10:38:01,16.90
2017/04/07,10:38:02,17.57
2017/04/07,10:38:03,17.57
2017/04/07,10:38:04,17.57
2017/04/07,10:38:05,17.57
2017/04/07,10:38:06,16.90
2017/04/07,10:38:07,16.56
2017/04/07,10:38:08,16.56
2017/04/07,10:38:09,16.90
2017/04/07,10:38:10,17.23
2017/04/07,10:38:11,17.23
2017/04/07,10:38:12,16.56
2017/04/07,10:38:13,16.56
2017/04/07,10:38:14,17.23
2017/04/07,10:38:15,17.23
2017/04/07,10:38:16,17.57
2017/04/07,10:38:17,17.91
2017/04/07,10:38:18,18.58
2017/04/07,10:38:19,17.91
2017/04/07,10:38:20,17.23
2017/04/07,10:38:21,16.90
2017/04/07,10:38:22,17.91
2017/04/07,10:38:23,18.25
2017/04/07,10:38:24,18.92
2017/04/07,10:38:25,18.58
2017/04/07,10:38:26,18.58
2017/04/07,10:38:27,18.25
2017/04/07,10:38:28,18.92
2017/04/07,10:38:29,19.26
2017/04/07,10:38:30,19.60
2017/04/07,10:38:31,19.93
2017/04/07,10:38:32,19.93
2017/04/07,10:38:33,19.93
2017/04/07,10:38:34,19.26
2017/04/07,10:38:35,18.58
2017/04/07,10:38:36,18.58
2017/04/07,10:38:37,18.58
2017/04/07,10:38:38,18.58
2017/04/07,10:38:39,19.26
2017/04/07,10:38:40,19.26
2017/04/07,10:38:41,19.60
2017/04/07,10:38:42,19.60
2017/04/07,10:38:43,19.60
2017/04/07,10:38:44,19.60
2017/04/07,10:38:45,19.26
2017/04/07,10:38:46,19.60
2017/04/07,10:38:47,20.27
2017/04/07,10:38:48,19.93
2017/04/07,10:38:49,20.27
2017/04/07,10:38:50,20.27
2017/04/07,10:38:51,19.93
2017/04/07,10:38:52,19.60
2017/04/07,10:38:53,19.26
2017/04/07,10:38:54,19.60
2017/04/07,10:38:55,18.92
2017/04/07,10:38:56,18.25
2017/04/07,10:38:57,17.91
2017/04/07,10:38:58,17.91
2017/04/07,10:38:59,18.25
2017/04/07,10:39:00,18.92
2017/04/07,10:39:01,18.92
2017/04/07,10:39:02,19.26
2017/04/07,10:39:03,19.26
2017/04/07,10:39:04,19.26
2017/04/07,10:39:05,19.26
2017/04/07,10:39:06,19.26
2017/04/07,10:39:07,19.60
2017/04/07,10:39:08,19.60
2017/04/07,10:39:09,20.27
2017/04/07,10:39:10,20.95
2017/04/07,10:39:11,21.28
2017/04/07,10:39:12,21.28
2017/04/07,10:39:13,20.95
2017/04/07,10:39:14,20.27
2017/04/07,10:39:15,19.26
2017/04/07,10:39:16,19.26
2017/04/07,10:39:17,19.26
2017/04/07,10:39:18,18.92
2017/04/07,10:39:19,18.92
2017/04/07,10:39:20,18.92
2017/04/07,10:39:21,18.92
2017/04/07,10:39:22,18.58
2017/04/07,10:39:23,18.58
2017/04/07,10:39:24,18.25
2017/04/07,10:39:25,18.25
2017/04/07,10:39:26,18.58
2017/04/07,10:39:27,18.25
2017/04/07,10:39:28,18.25
2017/04/07,10:39:29,18.25
2017/04/07,10:39:30,18.25
2017/04/07,10:39:31,18.25
2017/04/07,10:39:32,18.92
2017/04/07,10:39:33,18.58
2017/04/07,10:39:34,18.58
2017/04/07,10:39:35,18.92
2017/04/07,10:39:36,18.58
2017/04/07,10:39:37,16.90
2017/04/07,10:39:38,16.56
2017/04/07,10:39:39,16.90
2017/04/07,10:39:40,17.57
2017/04/07,10:39:41,18.25
2017/04/07,10:39:42,19.26
2017/04/07,10:39:43,20.95
2017/04/07,10:39:44,22.29
2017/04/07,10:39:45,23.30
2017/04/07,10:39:46,24.31
2017/04/07,10:39:47,24.65
2017/04/07,10:39:48,24.98
2017/04/07,10:39:49,25.32
2017/04/07,10:39:50,25.65
2017/04/07,10:39:51,25.65
2017/04/07,10:39:52,25.99
2017/04/07,10:39:53,25.99
2017/04/07,10:39:54,26.33
2017/04/07,10:39:55,26.33
2017/04/07,10:39:56,26.33
2017/04/07,10:39:57,26.66
2017/04/07,10:39:58,26.66
2017/04/07,10:39:59,27.00
2017/04/07,10:40:00,27.00
2017/04/07,10:40:01,27.00
2017/04/07,10:40:02,27.33
2017/04/07,10:40:03,27.33
2017/04/07,10:40:04,27.33
2017/04/07,10:40:05,27.33
2017/04/07,10:40:06,27.33
2017/04/07,10:40:07,27.33
2017/04/07,10:40:08,27.67
2017/04/07,10:40:09,27.67
2017/04/07,10:40:10,27.67
2017/04/07,10:40:11,27.67
2017/04/07,10:40:12,27.67
2017/04/07,10:40:13,27.67
2017/04/07,10:40:14,27.67
2017/04/07,10:40:15,27.67
2017/04/07,10:40:16,27.67
2017/04/07,10:40:17,27.67
2017/04/07,10:40:18,28.00
2017/04/07,10:40:19,28.00
2017/04/07,10:40:20,28.00
2017/04/07,10:40:21,28.00
2017/04/07,10:40:22,28.00
2017/04/07,10:40:23,28.00
2017/04/07,10:40:24,28.00
2017/04/07,10:40:25,28.00
2017/04/07,10:40:26,28.00
2017/04/07,10:40:27,28.00
2017/04/07,10:40:28,28.00
2017/04/07,10:40:29,28.00
2017/04/07,10:40:30,28.00
2017/04/07,10:40:31,28.34
2017/04/07,10:40:32,28.00
2017/04/07,10:40:33,28.00
2017/04/07,10:40:34,28.00
2017/04/07,10:40:35,28.34
2017/04/07,10:40:36,28.34
2017/04/07,10:40:37,28.34
2017/04/07,10:40:38,28.34
2017/04/07,10:40:39,28.34
2017/04/07,10:40:40,28.34
2017/04/07,10:40:41,28.34
2017/04/07,10:40:42,28.34
2017/04/07,10:40:43,28.34
2017/04/07,10:40:44,28.34
2017/04/07,10:40:45,28.34
2017/04/07,10:40:46,28.34
2017/04/07,10:40:47,28.34
2017/04/07,10:40:48,28.67
2017/04/07,10:40:49,28.34
2017/04/07,10:40:50,28.67
2017/04/07,10:40:51,28.67
2017/04/07,10:40:52,28.67
2017/04/07,10:40:53,28.67
2017/04/07,10:40:54,28.67
2017/04/07,10:40:55,28.67
2017/04/07,10:40:56,28.67
2017/04/07,10:40:57,28.67
2017/04/07,10:40:58,28.67
2017/04/07,10:40:59,28.67
2017/04/07,10:41:00,28.67
2017/04/07,10:41:01,28.67
2017/04/07,10:41:02,28.67
2017/04/07,10:41:03,28.67
2017/04/07,10:41:04,28.67
2017/04/07,10:41:05,28.67
2017/04/07,10:41:06,28.67
2017/04/07,10:41:07,28.67
2017/04/07,10:41:08,28.67
2017/04/07,10:41:09,28.67
2017/04/07,10:41:10,28.67
2017/04/07,10:41:11,28.67
2017/04/07,10:41:12,28.67
2017/04/07,10:41:13,28.67
2017/04/07,10:41:14,28.67
2017/04/07,10:41:15,28.67
2017/04/07,10:41:16,28.67
2017/04/07,10:41:17,29.01
2017/04/07,10:41:18,29.01
2017/04/07,10:41:19,29.01
2017/04/07,10:41:20,29.01
2017/04/07,10:41:21,29.01
2017/04/07,10:41:22,29.01
2017/04/07,10:41:23,29.01
2017/04/07,10:41:24,29.01
2017/04/07,10:41:25,29.01
2017/04/07,10:41:26,29.01
2017/04/07,10:41:27,29.01
2017/04/07,10:41:28,29.01
2017/04/07,10:41:29,29.01
2017/04/07,10:41:30,29.01
2017/04/07,10:41:31,29.01
2017/04/07,10:41:32,29.01
2017/04/07,10:41:33,29.01
2017/04/07,10:41:34,29.01
2017/04/07,10:41:35,29.01
2017/04/07,10:41:36,29.01
2017/04/07,10:41:37,29.01
2017/04/07,10:41:38,29.01
2017/04/07,10:41:39,29.01
2017/04/07,10:41:40,29.01
2017/04/07,10:41:41,29.01
2017/04/07,10:41:42,29.01
2017/04/07,10:41:43,29.01
2017/04/07,10:41:44,29.01
2017/04/07,10:41:45,29.01
2017/04/07,10:41:46,29.01
2017/04/07,10:41:47,29.01
2017/04/07,10:41:48,29.01
2017/04/07,10:41:49,29.01
2017/04/07,10:41:50,29.34
2017/04/07,10:41:51,29.01
2017/04/07,10:41:52,29.34
2017/04/07,10:41:53,29.34
2017/04/07,10:41:54,29.34
2017/04/07,10:41:55,29.01
2017/04/07,10:41:56,29.34
2017/04/07,10:41:57,29.34
2017/04/07,10:41:58,29.34
2017/04/07,10:41:59,29.34
2017/04/07,10:42:00,29.34
2017/04/07,10:42:01,29.34
2017/04/07,10:42:02,29.34
2017/04/07,10:42:03,29.34
2017/04/07,10:42:04,29.34
2017/04/07,10:42:05,29.34
2017/04/07,10:42:06,29.34
2017/04/07,10:42:07,29.34
2017/04/07,10:42:08,29.34
2017/04/07,10:42:09,29.34
2017/04/07,10:42:10,29.34
2017/04/07,10:42:11,29.34
2017/04/07,10:42:12,29.34
2017/04/07,10:42:13,29.34
2017/04/07,10:42:14,29.34
2017/04/07,10:42:15,29.34
2017/04/07,10:42:16,29.34
2017/04/07,10:42:17,29.34
2017/04/07,10:42:18,29.34
2017/04/07,10:42:19,29.34
2017/04/07,10:42:20,29.34
2017/04/07,10:42:21,29.34
2017/04/07,10:42:22,29.34
2017/04/07,10:42:23,29.34
2017/04/07,10:42:24,29.34
2017/04/07,10:42:25,29.34
2017/04/07,10:42:26,29.34
2017/04/07,10:42:27,29.67
2017/04/07,10:42:28,29.34
2017/04/07,10:42:29,29.34
2017/04/07,10:42:30,29.34
2017/04/07,10:42:31,29.34
2017/04/07,10:42:32,29.34
2017/04/07,10:42:33,29.34
2017/04/07,10:42:34,29.34
2017/04/07,10:42:35,29.34
2017/04/07,10:42:36,29.34
2017/04/07,10:42:37,29.34
2017/04/07,10:42:38,29.34
2017/04/07,10:42:39,29.34
2017/04/07,10:42:40,29.34
2017/04/07,10:42:41,29.67
2017/04/07,10:42:42,29.67
2017/04/07,10:42:43,29.67
2017/04/07,10:42:44,29.67
2017/04/07,10:42:45,29.34
2017/04/07,10:42:46,29.67
2017/04/07,10:42:47,29.67
2017/04/07,10:42:48,29.67
2017/04/07,10:42:49,29.34
2017/04/07,10:42:50,29.67
2017/04/07,10:42:51,29.67
2017/04/07,10:42:52,29.67
2017/04/07,10:42:53,29.67
2017/04/07,10:42:54,29.67
2017/04/07,10:42:55,29.67
2017/04/07,10:42:56,29.67
2017/04/07,10:42:57,29.67
2017/04/07,10:42:58,29.67
2017/04/07,10:42:59,29.67
2017/04/07,10:43:00,29.67
2017/04/07,10:43:01,29.67
2017/04/07,10:43:02,29.67
2017/04/07,10:43:03,29.67
2017/04/07,10:43:04,29.67
2017/04/07,10:43:05,29.67
2017/04/07,10:43:06,29.67
2017/04/07,10:43:07,29.67
2017/04/07,10:43:08,29.67
2017/04/07,10:43:09,29.67
2017/04/07,10:43:10,29.67
2017/04/07,10:43:11,29.67
2017/04/07,10:43:12,29.67
2017/04/07,10:43:13,29.67
2017/04/07,10:43:14,29.67
2017/04/07,10:43:15,29.67
2017/04/07,10:43:16,29.67
2017/04/07,10:43:17,29.67
2017/04/07,10:43:18,29.67
2017/04/07,10:43:19,29.67
2017/04/07,10:43:20,29.67
2017/04/07,10:43:21,29.67
2017/04/07,10:43:22,29.67
2017/04/07,10:43:23,29.67
2017/04/07,10:43:24,29.67
2017/04/07,10:43:25,29.67
2017/04/07,10:43:26,29.67
2017/04/07,10:43:27,29.67
2017/04/07,10:43:28,29.67
2017/04/07,10:43:29,29.67
2017/04/07,10:43:30,29.67
2017/04/07,10:43:31,29.67
2017/04/07,10:43:32,29.67
2017/04/07,10:43:33,29.67
2017/04/07,10:43:34,29.67
2017/04/07,10:43:35,29.67
2017/04/07,10:43:36,29.67
2017/04/07,10:43:37,29.67
2017/04/07,10:43:38,29.67
2017/04/07,10:43:39,29.67
2017/04/07,10:43:40,29.67
2017/04/07,10:43:41,29.67
2017/04/07,10:43:42,29.67
2017/04/07,10:43:43,29.67
2017/04/07,10:43:44,29.67
2017/04/07,10:43:45,29.67
2017/04/07,10:43:46,29.67
2017/04/07,10:43:47,29.67
2017/04/07,10:43:48,29.67
2017/04/07,10:43:49,29.67
2017/04/07,10:43:50,29.67
2017/04/07,10:43:51,29.67
2017/04/07,10:43:52,29.67
2017/04/07,10:43:53,30.01
2017/04/07,10:43:54,29.67
2017/04/07,10:43:55,29.67
2017/04/07,10:43:56,29.67
2017/04/07,10:43:57,29.67
2017/04/07,10:43:58,29.67
2017/04/07,10:43:59,29.67
2017/04/07,10:44:00,30.01
2017/04/07,10:44:01,29.67
2017/04/07,10:44:02,29.67
2017/04/07,10:44:03,30.01
2017/04/07,10:44:04,29.67
2017/04/07,10:44:05,30.01
2017/04/07,10:44:06,30.01
2017/04/07,10:44:07,30.01
2017/04/07,10:44:08,30.01
2017/04/07,10:44:09,29.67
2017/04/07,10:44:10,29.67
2017/04/07,10:44:11,30.01
2017/04/07,10:44:12,29.67
2017/04/07,10:44:13,30.01
2017/04/07,10:44:14,29.67
2017/04/07,10:44:15,30.01
2017/04/07,10:44:16,30.01
2017/04/07,10:44:17,30.01
2017/04/07,10:44:18,30.01
2017/04/07,10:44:19,30.01
2017/04/07,10:44:20,29.67
2017/04/07,10:44:21,29.67
2017/04/07,10:44:22,30.01
2017/04/07,10:44:23,30.01
2017/04/07,10:44:24,29.67
2017/04/07,10:44:25,30.01
2017/04/07,10:44:26,30.01
2017/04/07,10:44:27,30.01
2017/04/07,10:44:28,30.01
2017/04/07,10:44:29,30.01
2017/04/07,10:44:30,30.01
2017/04/07,10:44:31,30.01
2017/04/07,10:44:32,30.01
2017/04/07,10:44:33,30.01
2017/04/07,10:44:34,30.01
2017/04/07,10:44:35,30.01
2017/04/07,10:44:36,30.01
2017/04/07,10:44:37,30.01
2017/04/07,10:44:38,30.01
2017/04/07,10:44:39,30.01
2017/04/07,10:44:40,30.01
2017/04/07,10:44:41,30.01
2017/04/07,10:44:42,30.01
2017/04/07,10:44:43,29.67
2017/04/07,10:44:44,30.01
2017/04/07,10:44:45,30.01
2017/04/07,10:44:46,30.01
2017/04/07,10:44:47,30.01
2017/04/07,10:44:48,30.01
2017/04/07,10:44:49,30.01
2017/04/07,10:44:50,30.01
2017/04/07,10:44:51,30.01
2017/04/07,10:44:52,30.01
2017/04/07,10:44:53,30.01
2017/04/07,10:44:54,30.01
2017/04/07,10:44:55,29.67
2017/04/07,10:44:56,29.67
2017/04/07,10:44:57,30.01
2017/04/07,10:44:58,29.67
2017/04/07,10:44:59,30.01
2017/04/07,10:45:00,30.01
2017/04/07,10:45:01,30.01
2017/04/07,10:45:02,30.01
2017/04/07,10:45:03,30.01
2017/04/07,10:45:04,30.01
2017/04/07,10:45:05,30.01
2017/04/07,10:45:06,30.01
2017/04/07,10:45:07,30.01
2017/04/07,10:45:08,30.01
2017/04/07,10:45:09,30.01
2017/04/07,10:45:10,30.01
2017/04/07,10:45:11,30.01
2017/04/07,10:45:12,30.01
2017/04/07,10:45:13,30.01
2017/04/07,10:45:14,30.01
2017/04/07,10:45:15,30.01
2017/04/07,10:45:16,30.01
2017/04/07,10:45:17,30.01
2017/04/07,10:45:18,30.01
2017/04/07,10:45:19,30.01
2017/04/07,10:45:20,30.01
2017/04/07,10:45:21,30.01
2017/04/07,10:45:22,30.01
2017/04/07,10:45:23,30.01
2017/04/07,10:45:24,30.01
2017/04/07,10:45:25,30.01
2017/04/07,10:45:26,30.01
2017/04/07,10:45:27,30.01
2017/04/07,10:45:28,30.01
2017/04/07,10:45:29,30.01
2017/04/07,10:45:30,30.01
2017/04/07,10:45:31,30.01
2017/04/07,10:45:32,30.01
2017/04/07,10:45:33,30.01
2017/04/07,10:45:34,30.01
2017/04/07,10:45:35,30.01
2017/04/07,10:45:36,30.01
2017/04/07,10:45:37,30.01
2017/04/07,10:45:38,30.01
2017/04/07,10:45:39,30.01
2017/04/07,10:45:40,30.01
2017/04/07,10:45:41,30.01
2017/04/07,10:45:42,30.01
2017/04/07,10:45:43,30.01
2017/04/07,10:45:44,30.01
2017/04/07,10:45:45,30.01
2017/04/07,10:45:46,30.01
2017/04/07,10:45:47,30.01
2017/04/07,10:45:48,30.01
2017/04/07,10:45:49,30.01
2017/04/07,10:45:50,30.01
2017/04/07,10:45:51,30.01
2017/04/07,10:45:52,30.01
2017/04/07,10:45:53,30.01
2017/04/07,10:45:54,30.01
2017/04/07,10:45:55,30.01
2017/04/07,10:45:56,30.01
2017/04/07,10:45:57,30.01
2017/04/07,10:45:58,30.01
2017/04/07,10:45:59,30.01
2017/04/07,10:46:00,30.01
2017/04/07,10:46:01,30.01
2017/04/07,10:46:02,30.01
2017/04/07,10:46:03,30.01
2017/04/07,10:46:04,30.01
2017/04/07,10:46:05,30.01
2017/04/07,10:46:06,30.01
2017/04/07,10:46:07,30.01
2017/04/07,10:46:08,30.01
2017/04/07,10:46:09,30.01
2017/04/07,10:46:10,30.01
2017/04/07,10:46:11,30.01
2017/04/07,10:46:12,30.01
2017/04/07,10:46:13,30.01
2017/04/07,10:46:14,30.01
2017/04/07,10:46:15,30.01
2017/04/07,10:46:16,30.01
2017/04/07,10:46:17,30.01
2017/04/07,10:46:18,30.01
2017/04/07,10:46:19,30.01
2017/04/07,10:46:20,30.01
2017/04/07,10:46:21,30.01
2017/04/07,10:46:22,30.01
2017/04/07,10:46:23,30.01
2017/04/07,10:46:24,30.01
2017/04/07,10:46:25,30.01
2017/04/07,10:46:26,30.01
2017/04/07,10:46:27,30.01
2017/04/07,10:46:28,30.01
2017/04/07,10:46:29,30.01
2017/04/07,10:46:30,30.01
2017/04/07,10:46:31,30.01
2017/04/07,10:46:32,30.01
2017/04/07,10:46:33,30.01
2017/04/07,10:46:34,30.01
2017/04/07,10:46:35,30.01
2017/04/07,10:46:36,30.01
2017/04/07,10:46:37,30.01
2017/04/07,10:46:38,30.01
2017/04/07,10:46:39,30.01
2017/04/07,10:46:40,30.01
2017/04/07,10:46:41,30.01
2017/04/07,10:46:42,30.01
2017/04/07,10:46:43,30.01
2017/04/07,10:46:44,30.01
2017/04/07,10:46:45,30.01
2017/04/07,10:46:46,30.01
2017/04/07,10:46:47,30.01
2017/04/07,10:46:48,30.01
2017/04/07,10:46:49,30.01
2017/04/07,10:46:50,30.01
2017/04/07,10:46:51,30.01
2017/04/07,10:46:52,30.01
2017/04/07,10:46:53,30.01
2017/04/07,10:46:54,30.01
2017/04/07,10:46:55,30.01
2017/04/07,10:46:56,30.01
2017/04/07,10:46:57,30.01
2017/04/07,10:46:58,30.01
2017/04/07,10:46:59,30.01
2017/04/07,10:47:00,30.01
2017/04/07,10:47:01,30.01
2017/04/07,10:47:02,30.01
2017/04/07,10:47:03,30.01
2017/04/07,10:47:04,30.01
2017/04/07,10:47:05,30.01
2017/04/07,10:47:06,30.01
2017/04/07,10:47:07,30.01
2017/04/07,10:47:08,30.01
2017/04/07,10:47:09,30.01
2017/04/07,10:47:10,30.01
2017/04/07,10:47:11,30.01
2017/04/07,10:47:12,30.01
2017/04/07,10:47:13,30.01
2017/04/07,10:47:14,30.01
2017/04/07,10:47:15,30.01
2017/04/07,10:47:16,30.01
2017/04/07,10:47:17,30.01
2017/04/07,10:47:18,30.01
2017/04/07,10:47:19,30.01
2017/04/07,10:47:20,30.01
2017/04/07,10:47:21,30.01
2017/04/07,10:47:22,30.01
2017/04/07,10:47:23,30.01
2017/04/07,10:47:24,30.01
2017/04/07,10:47:25,30.01
2017/04/07,10:47:26,30.01
2017/04/07,10:47:27,30.01
2017/04/07,10:47:28,30.01
2017/04/07,10:47:29,30.01
2017/04/07,10:47:30,30.01
2017/04/07,10:47:31,30.01
2017/04/07,10:47:32,30.01
2017/04/07,10:47:33,30.01
2017/04/07,10:47:34,30.01
2017/04/07,10:47:35,30.01
2017/04/07,10:47:36,30.01
2017/04/07,10:47:37,30.01
2017/04/07,10:47:38,30.01
2017/04/07,10:47:39,30.01
2017/04/07,10:47:40,30.01
2017/04/07,10:47:41,30.01
2017/04/07,10:47:42,30.01
2017/04/07,10:47:43,30.01
2017/04/07,10:47:44,30.01
2017/04/07,10:47:45,30.01
2017/04/07,10:47:46,30.01
2017/04/07,10:47:47,30.01
2017/04/07,10:47:48,30.01
2017/04/07,10:47:49,30.01
2017/04/07,10:47:50,30.01
2017/04/07,10:47:51,30.01
2017/04/07,10:47:52,30.01
2017/04/07,10:47:53,30.01
2017/04/07,10:47:54,30.01
2017/04/07,10:47:55,30.01
2017/04/07,10:47:56,30.01
2017/04/07,10:47:57,30.01
2017/04/07,10:47:58,30.01
2017/04/07,10:47:59,30.01
2017/04/07,10:48:00,30.01
2017/04/07,10:48:01,30.01
2017/04/07,10:48:02,30.01
2017/04/07,10:48:03,30.01
2017/04/07,10:48:04,30.01
2017/04/07,10:48:05,30.01
2017/04/07,10:48:06,30.01
2017/04/07,10:48:07,30.01
2017/04/07,10:48:08,30.01
2017/04/07,10:48:09,30.01
2017/04/07,10:48:10,30.01
2017/04/07,10:48:11,30.01
2017/04/07,10:48:12,30.01
2017/04/07,10:48:13,30.01
2017/04/07,10:48:14,30.01
2017/04/07,10:48:15,30.01
2017/04/07,10:48:16,30.01
2017/04/07,10:48:17,30.01
2017/04/07,10:48:18,30.01
2017/04/07,10:48:19,30.01
2017/04/07,10:48:20,30.01
2017/04/07,10:48:21,30.01
2017/04/07,10:48:22,30.01
2017/04/07,10:48:23,30.01
2017/04/07,10:48:24,30.01
2017/04/07,10:48:25,30.01
2017/04/07,10:48:26,30.01
2017/04/07,10:48:27,30.01
2017/04/07,10:48:28,30.01
2017/04/07,10:48:29,30.01
2017/04/07,10:48:30,30.01
2017/04/07,10:48:31,30.01
2017/04/07,10:48:32,30.01
2017/04/07,10:48:33,30.01
2017/04/07,10:48:34,30.01
2017/04/07,10:48:35,30.01
2017/04/07,10:48:36,30.01
2017/04/07,10:48:37,30.01
2017/04/07,10:48:38,30.01
2017/04/07,10:48:39,30.01
2017/04/07,10:48:40,30.01
2017/04/07,10:48:41,30.01
2017/04/07,10:48:42,30.01
2017/04/07,10:48:43,30.01
2017/04/07,10:48:44,30.01
2017/04/07,10:48:45,30.01
2017/04/07,10:48:46,30.01
2017/04/07,10:48:47,30.01
2017/04/07,10:48:48,30.01
2017/04/07,10:48:49,30.01
2017/04/07,10:48:50,30.01
2017/04/07,10:48:51,30.01
2017/04/07,10:48:52,30.01
2017/04/07,10:48:53,30.01
2017/04/07,10:48:54,30.01
2017/04/07,10:48:55,30.01
2017/04/07,10:48:56,30.01
2017/04/07,10:48:57,30.01
2017/04/07,10:48:58,30.01
2017/04/07,10:48:59,30.01
2017/04/07,10:49:00,30.01
2017/04/07,10:49:01,30.01
2017/04/07,10:49:02,30.01
2017/04/07,10:49:03,30.01
2017/04/07,10:49:04,30.01
2017/04/07,10:49:05,30.01
2017/04/07,10:49:06,30.01
2017/04/07,10:49:07,30.01
2017/04/07,10:49:08,30.01
2017/04/07,10:49:09,30.01
2017/04/07,10:49:10,30.01
2017/04/07,10:49:11,30.01
2017/04/07,10:49:12,30.01
2017/04/07,10:49:13,30.01
2017/04/07,10:49:14,30.01
2017/04/07,10:49:15,30.01
2017/04/07,10:49:16,30.01
2017/04/07,10:49:17,30.01
2017/04/07,10:49:18,30.01
2017/04/07,10:49:19,30.01
2017/04/07,10:49:20,30.01
2017/04/07,10:49:21,30.01
2017/04/07,10:49:22,30.01
2017/04/07,10:49:23,30.01
2017/04/07,10:49:24,30.01
2017/04/07,10:49:25,30.01
2017/04/07,10:49:26,30.01
2017/04/07,10:49:27,30.01
2017/04/07,10:49:28,30.01
2017/04/07,10:49:29,30.01
2017/04/07,10:49:30,30.01
2017/04/07,10:49:31,30.01
2017/04/07,10:49:32,30.01
2017/04/07,10:49:33,30.01
2017/04/07,10:49:34,30.01
2017/04/07,10:49:35,30.01
2017/04/07,10:49:36,30.01
2017/04/07,10:49:37,30.01
2017/04/07,10:49:38,30.01
2017/04/07,10:49:39,30.01
2017/04/07,10:49:40,30.01
2017/04/07,10:49:41,30.01
2017/04/07,10:49:42,30.01
2017/04/07,10:49:43,30.01
2017/04/07,10:49:44,30.01
2017/04/07,10:49:45,30.01
2017/04/07,10:49:46,30.01
2017/04/07,10:49:47,30.01
2017/04/07,10:49:48,30.01
2017/04/07,10:49:49,30.01
2017/04/07,10:49:50,30.01
2017/04/07,10:49:51,30.01
2017/04/07,10:49:52,30.01
2017/04/07,10:49:53,30.01
2017/04/07,10:49:54,30.01
2017/04/07,10:49:55,30.01
2017/04/07,10:49:56,30.01
2017/04/07,10:49:57,30.01
2017/04/07,10:49:58,30.01
2017/04/07,10:49:59,30.01
2017/04/07,10:50:00,30.01
2017/04/07,10:50:01,30.01
2017/04/07,10:50:02,30.01
2017/04/07,10:50:03,30.01
2017/04/07,10:50:04,30.01
2017/04/07,10:50:05,30.01
2017/04/07,10:50:06,30.01
2017/04/07,10:50:07,30.01
2017/04/07,10:50:08,30.01
2017/04/07,10:50:09,30.01
2017/04/07,10:50:10,30.01
2017/04/07,10:50:11,30.01
2017/04/07,10:50:12,30.01
2017/04/07,10:50:13,30.01
2017/04/07,10:50:14,30.01
2017/04/07,10:50:15,30.01
2017/04/07,10:50:16,30.01
2017/04/07,10:50:17,30.01
2017/04/07,10:50:18,30.01
2017/04/07,10:50:19,30.01
2017/04/07,10:50:20,30.01
2017/04/07,10:50:21,30.01
2017/04/07,10:50:22,30.01
2017/04/07,10:50:23,30.01
2017/04/07,10:50:24,30.01
2017/04/07,10:50:25,30.01
2017/04/07,10:50:26,30.01
2017/04/07,10:50:27,30.01
2017/04/07,10:50:28,30.01
2017/04/07,10:50:29,30.01
2017/04/07,10:50:30,30.01
2017/04/07,10:50:31,30.01
2017/04/07,10:50:32,30.01
2017/04/07,10:50:33,30.01
2017/04/07,10:50:34,30.01
2017/04/07,10:50:35,30.01
2017/04/07,10:50:36,30.01
2017/04/07,10:50:37,30.01
2017/04/07,10:50:38,30.01
2017/04/07,10:50:39,30.01
2017/04/07,10:50:40,30.01
2017/04/07,10:50:41,30.01
2017/04/07,10:50:42,30.01
2017/04/07,10:50:43,30.01
2017/04/07,10:50:44,30.01
2017/04/07,10:50:45,30.01
2017/04/07,10:50:46,30.01
2017/04/07,10:50:47,30.01
2017/04/07,10:50:48,30.01
2017/04/07,10:50:49,30.01
2017/04/07,10:50:50,30.01
2017/04/07,10:50:51,30.01
2017/04/07,10:50:52,30.01
2017/04/07,10:50:53,30.01
2017/04/07,10:50:54,30.01
2017/04/07,10:50:55,30.01
2017/04/07,10:50:56,30.01
2017/04/07,10:50:57,30.01
2017/04/07,10:50:58,30.01
2017/04/07,10:50:59,30.01
2017/04/07,10:51:00,30.01
2017/04/07,10:51:01,30.01
2017/04/07,10:51:02,30.01
2017/04/07,10:51:03,30.01
2017/04/07,10:51:04,30.01
2017/04/07,10:51:05,30.01
2017/04/07,10:51:06,30.01
2017/04/07,10:51:07,30.01
2017/04/07,10:51:08,30.01
2017/04/07,10:51:09,30.01
2017/04/07,10:51:10,30.01
2017/04/07,10:51:11,30.01
2017/04/07,10:51:12,30.01
2017/04/07,10:51:13,30.01
2017/04/07,10:51:14,30.01
2017/04/07,10:51:15,30.01
2017/04/07,10:51:16,30.01
2017/04/07,10:51:17,30.01
2017/04/07,10:51:18,30.01
2017/04/07,10:51:19,30.01
2017/04/07,10:51:20,30.01
2017/04/07,10:51:21,29.67
2017/04/07,10:51:22,29.67
2017/04/07,10:51:23,30.01
2017/04/07,10:51:24,30.01
2017/04/07,10:51:25,30.01
2017/04/07,10:51:26,30.01
2017/04/07,10:51:27,29.34
2017/04/07,10:51:28,28.67
2017/04/07,10:51:29,28.67
2017/04/07,10:51:30,28.34
2017/04/07,10:51:31,28.00
2017/04/07,10:51:32,27.67
2017/04/07,10:51:33,27.00
2017/04/07,10:51:34,27.00
2017/04/07,10:51:35,25.65
2017/04/07,10:51:36,24.65
2017/04/07,10:51:37,24.98
2017/04/07,10:51:38,25.65
2017/04/07,10:51:39,26.33
2017/04/07,10:51:40,26.66
2017/04/07,10:51:41,27.00
2017/04/07,10:51:42,27.33
2017/04/07,10:51:43,27.67
2017/04/07,10:51:44,27.67
2017/04/07,10:51:45,27.67
2017/04/07,10:51:46,28.00
2017/04/07,10:51:47,28.00
2017/04/07,10:51:48,28.00
2017/04/07,10:51:49,28.00
2017/04/07,10:51:50,28.00
2017/04/07,10:51:51,28.00
2017/04/07,10:51:52,28.00
2017/04/07,10:51:53,28.34
2017/04/07,10:51:54,28.34
2017/04/07,10:51:55,28.34
2017/04/07,10:51:56,28.34
2017/04/07,10:51:57,28.00
2017/04/07,10:51:58,28.34
2017/04/07,10:51:59,28.34
2017/04/07,10:52:00,28.34
2017/04/07,10:52:01,28.34
2017/04/07,10:52:02,28.67
2017/04/07,10:52:03,29.01
2017/04/07,10:52:04,29.01
2017/04/07,10:52:05,28.67
2017/04/07,10:52:06,29.01
2017/04/07,10:52:07,29.01
2017/04/07,10:52:08,29.01
2017/04/07,10:52:09,29.01
2017/04/07,10:52:10,29.01
2017/04/07,10:52:11,29.01
2017/04/07,10:52:12,29.34
2017/04/07,10:52:13,29.34
2017/04/07,10:52:14,29.34
2017/04/07,10:52:15,29.34
2017/04/07,10:52:16,29.34
2017/04/07,10:52:17,29.34
2017/04/07,10:52:18,29.34
2017/04/07,10:52:19,29.01
2017/04/07,10:52:20,29.34
2017/04/07,10:52:21,29.67
2017/04/07,10:52:22,30.01
2017/04/07,10:52:23,30.01
2017/04/07,10:52:24,30.01
2017/04/07,10:52:25,30.01
2017/04/07,10:52:26,30.34
2017/04/07,10:52:27,30.34
2017/04/07,10:52:28,30.34
2017/04/07,10:52:29,30.68
2017/04/07,10:52:30,30.68
2017/04/07,10:52:31,30.68
2017/04/07,10:52:32,31.01
2017/04/07,10:52:33,31.01
2017/04/07,10:52:34,31.01
2017/04/07,10:52:35,31.01
2017/04/07,10:52:36,31.01
2017/04/07,10:52:37,31.01
2017/04/07,10:52:38,30.68
2017/04/07,10:52:39,30.68
2017/04/07,10:52:40,30.68
2017/04/07,10:52:41,30.34
2017/04/07,10:52:42,30.01
2017/04/07,10:52:43,29.34
2017/04/07,10:52:44,29.67
2017/04/07,10:52:45,29.67
2017/04/07,10:52:46,29.67
2017/04/07,10:52:47,2.30
2017/04/07,10:52:48,-31.81
2017/04/07,10:52:49,9.10
2017/04/07,10:52:50,-21.75
2017/04/07,10:52:51,-15.38
2017/04/07,10:52:52,-13.62
2017/04/07,10:52:53,2.64
2017/04/07,10:52:54,29.67
2017/04/07,10:52:55,29.34
2017/04/07,10:52:56,29.67
2017/04/07,10:52:57,29.67
2017/04/07,10:52:58,29.67
2017/04/07,10:52:59,29.67
2017/04/07,10:53:00,29.34
2017/04/07,10:53:01,29.34
2017/04/07,10:53:02,29.34
2017/04/07,10:53:03,29.34
2017/04/07,10:53:04,29.67
2017/04/07,10:53:05,29.67
2017/04/07,10:53:06,29.67
2017/04/07,10:53:07,29.67
2017/04/07,10:53:08,29.67
2017/04/07,10:53:09,29.67
2017/04/07,10:53:10,29.67
2017/04/07,10:53:11,30.01
2017/04/07,10:53:12,30.68
2017/04/07,10:53:13,30.68
2017/04/07,10:53:14,31.01
2017/04/07,10:53:15,31.01
2017/04/07,10:53:16,30.68
2017/04/07,10:53:17,30.68
2017/04/07,10:53:18,30.68
2017/04/07,10:53:19,30.34
2017/04/07,10:53:20,29.67
2017/04/07,10:53:21,29.34
2017/04/07,10:53:22,29.01
2017/04/07,10:53:23,28.67
2017/04/07,10:53:24,28.34
2017/04/07,10:53:25,28.34
2017/04/07,10:53:26,28.34
2017/04/07,10:53:27,28.34
2017/04/07,10:53:28,28.34
2017/04/07,10:53:29,28.34
2017/04/07,10:53:30,28.34
2017/04/07,10:53:31,28.34
2017/04/07,10:53:32,27.67
2017/04/07,10:53:33,28.00
2017/04/07,10:53:34,27.67
2017/04/07,10:53:35,27.33
2017/04/07,10:53:36,27.00
2017/04/07,10:53:37,27.33
2017/04/07,10:53:38,27.67
2017/04/07,10:53:39,27.67
2017/04/07,10:53:40,28.00
2017/04/07,10:53:41,28.00
2017/04/07,10:53:42,28.00
2017/04/07,10:53:43,28.34
2017/04/07,10:53:44,28.00
2017/04/07,10:53:45,28.00
2017/04/07,10:53:46,28.00
2017/04/07,10:53:47,27.67
2017/04/07,10:53:48,27.67
2017/04/07,10:53:49,27.67
2017/04/07,10:53:50,28.00
2017/04/07,10:53:51,28.00
2017/04/07,10:53:52,28.00
2017/04/07,10:53:53,28.00
2017/04/07,10:53:54,27.67
2017/04/07,10:53:55,27.67
2017/04/07,10:53:56,27.67
2017/04/07,10:53:57,27.67
2017/04/07,10:53:58,27.33
2017/04/07,10:53:59,27.33
2017/04/07,10:54:00,27.00
2017/04/07,10:54:01,26.66
2017/04/07,10:54:02,26.66
2017/04/07,10:54:03,26.66
2017/04/07,10:54:04,26.33
2017/04/07,10:54:05,25.99
2017/04/07,10:54:06,26.33
2017/04/07,10:54:07,26.33
2017/04/07,10:54:08,26.33
2017/04/07,10:54:09,25.99
2017/04/07,10:54:10,26.33
2017/04/07,10:54:11,25.99
2017/04/07,10:54:12,25.99
2017/04/07,10:54:13,26.33
2017/04/07,10:54:14,26.33
2017/04/07,10:54:15,26.66
2017/04/07,10:54:16,27.00
2017/04/07,10:54:17,27.00
2017/04/07,10:54:18,27.00
2017/04/07,10:54:19,27.00
2017/04/07,10:54:20,26.66
2017/04/07,10:54:21,27.00
2017/04/07,10:54:22,27.33
2017/04/07,10:54:23,27.33
2017/04/07,10:54:24,27.67
2017/04/07,10:54:25,27.33
2017/04/07,10:54:26,27.33
2017/04/07,10:54:27,27.33
2017/04/07,10:54:28,27.33
2017/04/07,10:54:29,27.67
2017/04/07,10:54:30,27.67
2017/04/07,10:54:31,27.67
2017/04/07,10:54:32,27.67
2017/04/07,10:54:33,27.67
2017/04/07,10:54:34,27.67
2017/04/07,10:54:35,27.67
2017/04/07,10:54:36,27.67
2017/04/07,10:54:37,27.67
2017/04/07,10:54:38,28.00
2017/04/07,10:54:39,28.00
2017/04/07,10:54:40,28.00
2017/04/07,10:54:41,28.00
2017/04/07,10:54:42,28.00
2017/04/07,10:54:43,28.34
2017/04/07,10:54:44,28.34
2017/04/07,10:54:45,28.34
2017/04/07,10:54:46,28.34
2017/04/07,10:54:47,28.34
2017/04/07,10:54:48,28.34
2017/04/07,10:54:49,28.67
2017/04/07,10:54:50,28.67
2017/04/07,10:54:51,28.67
2017/04/07,10:54:52,28.67
2017/04/07,10:54:53,28.67
2017/04/07,10:54:54,28.67
2017/04/07,10:54:55,28.67
2017/04/07,10:54:56,28.67
2017/04/07,10:54:57,28.67
2017/04/07,10:54:58,28.67
2017/04/07,10:54:59,29.01
2017/04/07,10:55:00,29.01
2017/04/07,10:55:01,29.01
2017/04/07,10:55:02,29.01
2017/04/07,10:55:03,28.67
2017/04/07,10:55:04,28.67
2017/04/07,10:55:05,28.67
2017/04/07,10:55:06,28.34
2017/04/07,10:55:07,28.34
2017/04/07,10:55:08,28.34
2017/04/07,10:55:09,28.34
2017/04/07,10:55:10,28.34
2017/04/07,10:55:11,28.34
2017/04/07,10:55:12,28.34
2017/04/07,10:55:13,28.34
2017/04/07,10:55:14,28.67
2017/04/07,10:55:15,28.67
2017/04/07,10:55:16,28.67
2017/04/07,10:55:17,28.34
2017/04/07,10:55:18,28.34
2017/04/07,10:55:19,28.67
2017/04/07,10:55:20,28.34
2017/04/07,10:55:21,28.67
2017/04/07,10:55:22,28.67
2017/04/07,10:55:23,28.34
2017/04/07,10:55:24,28.34
2017/04/07,10:55:25,28.00
2017/04/07,10:55:26,28.00
2017/04/07,10:55:27,28.00
2017/04/07,10:55:28,28.34
2017/04/07,10:55:29,28.34
2017/04/07,10:55:30,28.67
2017/04/07,10:55:31,28.67
2017/04/07,10:55:32,28.67
2017/04/07,10:55:33,29.01
2017/04/07,10:55:34,29.01
2017/04/07,10:55:35,29.01
2017/04/07,10:55:36,28.34
2017/04/07,10:55:37,28.34
2017/04/07,10:55:38,27.00
2017/04/07,10:55:39,27.00
2017/04/07,10:55:40,26.66
2017/04/07,10:55:41,26.66
2017/04/07,10:55:42,27.00
2017/04/07,10:55:43,27.00
2017/04/07,10:55:44,27.00
2017/04/07,10:55:45,27.33
2017/04/07,10:55:46,27.67
2017/04/07,10:55:47,27.67
2017/04/07,10:55:48,27.67
2017/04/07,10:55:49,27.33
2017/04/07,10:55:50,27.33
2017/04/07,10:55:51,27.33
2017/04/07,10:55:52,27.33
2017/04/07,10:55:53,27.33
2017/04/07,10:55:54,27.33
2017/04/07,10:55:55,27.67
2017/04/07,10:55:56,27.33
2017/04/07,10:55:57,27.33
2017/04/07,10:55:58,27.00
2017/04/07,10:55:59,26.66
2017/04/07,10:56:00,26.66
2017/04/07,10:56:01,27.33
2017/04/07,10:56:02,27.33
2017/04/07,10:56:03,27.33
2017/04/07,10:56:04,26.66
2017/04/07,10:56:05,26.33
2017/04/07,10:56:06,25.99
2017/04/07,10:56:07,27.00
2017/04/07,10:56:08,26.66
2017/04/07,10:56:09,27.00
2017/04/07,10:56:10,27.00
2017/04/07,10:56:11,27.00
2017/04/07,10:56:12,27.33
2017/04/07,10:56:13,27.33
2017/04/07,10:56:14,27.67
2017/04/07,10:56:15,27.33
2017/04/07,10:56:16,27.00
2017/04/07,10:56:17,25.65
2017/04/07,10:56:18,25.32
2017/04/07,10:56:19,25.99
2017/04/07,10:56:20,26.33
2017/04/07,10:56:21,26.66
2017/04/07,10:56:22,27.00
2017/04/07,10:56:23,27.33
2017/04/07,10:56:24,27.67
2017/04/07,10:56:25,28.00
2017/04/07,10:56:26,28.00
2017/04/07,10:56:27,28.34
2017/04/07,10:56:28,28.34
2017/04/07,10:56:29,28.00
2017/04/07,10:56:30,27.67
2017/04/07,10:56:31,27.33
2017/04/07,10:56:32,27.00
2017/04/07,10:56:33,27.00
2017/04/07,10:56:34,26.66
2017/04/07,10:56:35,27.00
2017/04/07,10:56:36,27.00
2017/04/07,10:56:37,27.33
2017/04/07,10:56:38,27.67
2017/04/07,10:56:39,27.67
2017/04/07,10:56:40,28.00
2017/04/07,10:56:41,28.00
2017/04/07,10:56:42,28.00
2017/04/07,10:56:43,28.00
2017/04/07,10:56:44,28.00
2017/04/07,10:56:45,28.00
2017/04/07,10:56:46,28.00
2017/04/07,10:56:47,27.67
2017/04/07,10:56:48,27.67
2017/04/07,10:56:49,27.67
2017/04/07,10:56:50,27.67
2017/04/07,10:56:51,27.67
2017/04/07,10:56:52,28.34
2017/04/07,10:56:53,28.67
2017/04/07,10:56:54,28.34
2017/04/07,10:56:55,28.34
2017/04/07,10:56:56,28.34
2017/04/07,10:56:57,28.67
2017/04/07,10:56:58,28.67
2017/04/07,10:56:59,28.34
2017/04/07,10:57:00,28.34
2017/04/07,10:57:01,28.67
2017/04/07,10:57:02,28.67
2017/04/07,10:57:03,29.01
2017/04/07,10:57:04,29.01
2017/04/07,10:57:05,29.01
2017/04/07,10:57:06,29.01
2017/04/07,10:57:07,29.01
2017/04/07,10:57:08,29.01
2017/04/07,10:57:09,29.34
2017/04/07,10:57:10,29.34
2017/04/07,10:57:11,29.01
2017/04/07,10:57:12,29.01
2017/04/07,10:57:13,29.01
2017/04/07,10:57:14,29.01
2017/04/07,10:57:15,29.01
2017/04/07,10:57:16,29.01
2017/04/07,10:57:17,29.01
2017/04/07,10:57:18,29.01
2017/04/07,10:57:19,29.01
2017/04/07,10:57:20,29.01
2017/04/07,10:57:21,29.01
2017/04/07,10:57:22,29.34
2017/04/07,10:57:23,29.34
2017/04/07,10:57:24,29.34
2017/04/07,10:57:25,29.34
2017/04/07,10:57:26,29.34
2017/04/07,10:57:27,29.67
2017/04/07,10:57:28,29.67
2017/04/07,10:57:29,29.67
2017/04/07,10:57:30,29.67
2017/04/07,10:57:31,29.67
2017/04/07,10:57:32,29.67
2017/04/07,10:57:33,29.67
2017/04/07,10:57:34,29.34
2017/04/07,10:57:35,29.34
2017/04/07,10:57:36,29.34
2017/04/07,10:57:37,29.01
2017/04/07,10:57:38,29.01
2017/04/07,10:57:39,29.01
2017/04/07,10:57:40,29.01
2017/04/07,10:57:41,29.34
2017/04/07,10:57:42,29.34
2017/04/07,10:57:43,29.34
2017/04/07,10:57:44,29.34
2017/04/07,10:57:45,29.34
2017/04/07,10:57:46,29.67
2017/04/07,10:57:47,29.67
2017/04/07,10:57:48,30.34
2017/04/07,10:57:49,30.68
2017/04/07,10:57:50,30.68
2017/04/07,10:57:51,31.01
2017/04/07,10:57:52,31.01
2017/04/07,10:57:53,31.34
2017/04/07,10:57:54,31.34
2017/04/07,10:57:55,31.34
2017/04/07,10:57:56,31.34
2017/04/07,10:57:57,31.34
2017/04/07,10:57:58,31.34
2017/04/07,10:57:59,31.01
2017/04/07,10:58:00,31.34
2017/04/07,10:58:01,31.34
2017/04/07,10:58:02,31.68
2017/04/07,10:58:03,31.34
2017/04/07,10:58:04,31.68
2017/04/07,10:58:05,31.68
2017/04/07,10:58:06,31.68
2017/04/07,10:58:07,31.68
2017/04/07,10:58:08,31.68
2017/04/07,10:58:09,31.34
2017/04/07,10:58:10,31.68
2017/04/07,10:58:11,31.34
2017/04/07,10:58:12,31.68
2017/04/07,10:58:13,31.34
2017/04/07,10:58:14,31.34
2017/04/07,10:58:15,31.34
2017/04/07,10:58:16,31.34
2017/04/07,10:58:17,31.34
2017/04/07,10:58:18,31.01
2017/04/07,10:58:19,31.01
2017/04/07,10:58:20,31.01
2017/04/07,10:58:21,31.01
2017/04/07,10:58:22,31.01
2017/04/07,10:58:23,31.34
2017/04/07,10:58:24,31.34
2017/04/07,10:58:25,31.34
2017/04/07,10:58:26,31.34
2017/04/07,10:58:27,31.34
2017/04/07,10:58:28,31.34
2017/04/07,10:58:29,31.34
2017/04/07,10:58:30,31.34
2017/04/07,10:58:31,31.34
2017/04/07,10:58:32,31.68
2017/04/07,10:58:33,31.68
2017/04/07,10:58:34,31.68
2017/04/07,10:58:35,31.34
2017/04/07,10:58:36,31.68
2017/04/07,10:58:37,31.68
2017/04/07,10:58:38,31.68
2017/04/07,10:58:39,31.34
2017/04/07,10:58:40,31.68
2017/04/07,10:58:41,32.01
2017/04/07,10:58:42,31.68
2017/04/07,10:58:43,32.01
2017/04/07,10:58:44,32.01
2017/04/07,10:58:45,32.01
2017/04/07,10:58:46,32.35
2017/04/07,10:58:47,32.01
2017/04/07,10:58:48,32.35
2017/04/07,10:58:49,32.35
2017/04/07,10:58:50,32.35
2017/04/07,10:58:51,32.35
2017/04/07,10:58:52,32.68
2017/04/07,10:58:53,32.35
2017/04/07,10:58:54,32.35
2017/04/07,10:58:55,32.35
2017/04/07,10:58:56,32.01
2017/04/07,10:58:57,32.01
2017/04/07,10:58:58,32.01
2017/04/07,10:58:59,32.01
2017/04/07,10:59:00,32.35
2017/04/07,10:59:01,32.01
2017/04/07,10:59:02,32.35
2017/04/07,10:59:03,32.35
2017/04/07,10:59:04,32.35
2017/04/07,10:59:05,32.35
2017/04/07,10:59:06,32.35
2017/04/07,10:59:07,32.35
2017/04/07,10:59:08,32.35
2017/04/07,10:59:09,32.35
2017/04/07,10:59:10,32.01
2017/04/07,10:59:11,31.68
2017/04/07,10:59:12,31.68
2017/04/07,10:59:13,31.68
2017/04/07,10:59:14,32.01
2017/04/07,10:59:15,32.01
2017/04/07,10:59:16,32.01
2017/04/07,10:59:17,32.01
2017/04/07,10:59:18,32.35
2017/04/07,10:59:19,32.35
2017/04/07,10:59:20,32.35
2017/04/07,10:59:21,32.35
2017/04/07,10:59:22,32.68
2017/04/07,10:59:23,32.68
2017/04/07,10:59:24,32.68
2017/04/07,10:59:25,33.01
2017/04/07,10:59:26,33.01
2017/04/07,10:59:27,33.01
2017/04/07,10:59:28,33.01
2017/04/07,10:59:29,33.35
2017/04/07,10:59:30,33.35
2017/04/07,10:59:31,33.35
2017/04/07,10:59:32,33.35
2017/04/07,10:59:33,33.35
2017/04/07,10:59:34,33.35
2017/04/07,10:59:35,33.35
2017/04/07,10:59:36,33.35
2017/04/07,10:59:37,33.35
2017/04/07,10:59:38,33.35
2017/04/07,10:59:39,33.35
2017/04/07,10:59:40,33.35
2017/04/07,10:59:41,33.35
2017/04/07,10:59:42,33.35
2017/04/07,10:59:43,33.35
2017/04/07,10:59:44,33.35
2017/04/07,10:59:45,33.01
2017/04/07,10:59:46,33.01
2017/04/07,10:59:47,33.01
2017/04/07,10:59:48,33.01
2017/04/07,10:59:49,33.35
2017/04/07,10:59:50,33.01
2017/04/07,10:59:51,33.01
2017/04/07,10:59:52,33.01
2017/04/07,10:59:53,33.01
2017/04/07,10:59:54,32.68
2017/04/07,10:59:55,32.35
2017/04/07,10:59:56,32.01
2017/04/07,10:59:57,31.68
2017/04/07,10:59:58,31.68
2017/04/07,10:59:59,31.34
2017/04/07,11:00:00,31.34
2017/04/07,11:00:01,31.01
2017/04/07,11:00:02,31.01
2017/04/07,11:00:03,31.01
2017/04/07,11:00:04,30.68
2017/04/07,11:00:05,30.01
2017/04/07,11:00:06,30.01
2017/04/07,11:00:07,30.01
2017/04/07,11:00:08,29.67
2017/04/07,11:00:09,29.67
2017/04/07,11:00:10,29.01
2017/04/07,11:00:11,29.01
2017/04/07,11:00:12,29.01
2017/04/07,11:00:13,29.01
2017/04/07,11:00:14,29.01
2017/04/07,11:00:15,29.01
2017/04/07,11:00:16,29.34
2017/04/07,11:00:17,29.34
2017/04/07,11:00:18,29.34
2017/04/07,11:00:19,29.34
2017/04/07,11:00:20,29.67
2017/04/07,11:00:21,29.34
2017/04/07,11:00:22,29.34
2017/04/07,11:00:23,29.67
2017/04/07,11:00:24,29.67
2017/04/07,11:00:25,29.67
2017/04/07,11:00:26,29.67
2017/04/07,11:00:27,29.34
2017/04/07,11:00:28,29.67
2017/04/07,11:00:29,29.67
2017/04/07,11:00:30,29.34
2017/04/07,11:00:31,29.67
2017/04/07,11:00:32,29.67
2017/04/07,11:00:33,29.67
2017/04/07,11:00:34,29.67
2017/04/07,11:00:35,29.67
2017/04/07,11:00:36,29.67
2017/04/07,11:00:37,29.34
2017/04/07,11:00:38,29.67
2017/04/07,11:00:39,29.67
2017/04/07,11:00:40,29.67
2017/04/07,11:00:41,29.67
2017/04/07,11:00:42,29.67
2017/04/07,11:00:43,29.67
2017/04/07,11:00:44,29.34
2017/04/07,11:00:45,29.34
2017/04/07,11:00:46,29.34
2017/04/07,11:00:47,29.67
2017/04/07,11:00:48,29.67
2017/04/07,11:00:49,29.34
2017/04/07,11:00:50,29.34
2017/04/07,11:00:51,29.34
2017/04/07,11:00:52,29.67
2017/04/07,11:00:53,29.34
2017/04/07,11:00:54,29.34
2017/04/07,11:00:55,29.34
2017/04/07,11:00:56,29.34
2017/04/07,11:00:57,29.34
2017/04/07,11:00:58,29.01
2017/04/07,11:00:59,29.01
2017/04/07,11:01:00,29.01
2017/04/07,11:01:01,29.01
2017/04/07,11:01:02,29.01
2017/04/07,11:01:03,29.01
2017/04/07,11:01:04,29.01
2017/04/07,11:01:05,29.01
2017/04/07,11:01:06,29.01
2017/04/07,11:01:07,29.01
2017/04/07,11:01:08,29.01
2017/04/07,11:01:09,29.01
2017/04/07,11:01:10,29.34
2017/04/07,11:01:11,29.34
2017/04/07,11:01:12,29.34
2017/04/07,11:01:13,29.34
2017/04/07,11:01:14,29.34
2017/04/07,11:01:15,29.01
2017/04/07,11:01:16,29.01
2017/04/07,11:01:17,29.01
2017/04/07,11:01:18,29.01
2017/04/07,11:01:19,29.01
2017/04/07,11:01:20,29.01
2017/04/07,11:01:21,29.01
2017/04/07,11:01:22,29.01
2017/04/07,11:01:23,29.01
2017/04/07,11:01:24,28.67
2017/04/07,11:01:25,28.67
2017/04/07,11:01:26,28.34
2017/04/07,11:01:27,27.67
2017/04/07,11:01:28,27.00
2017/04/07,11:01:29,27.00
2017/04/07,11:01:30,27.00
2017/04/07,11:01:31,26.66
2017/04/07,11:01:32,26.66
2017/04/07,11:01:33,26.66
2017/04/07,11:01:34,26.66
2017/04/07,11:01:35,26.66
2017/04/07,11:01:36,26.66
2017/04/07,11:01:37,26.66
2017/04/07,11:01:38,26.66
2017/04/07,11:01:39,27.00
2017/04/07,11:01:40,27.00
2017/04/07,11:01:41,27.33
2017/04/07,11:01:42,28.00
2017/04/07,11:01:43,28.34
2017/04/07,11:01:44,29.01
2017/04/07,11:01:45,29.67
2017/04/07,11:01:46,30.34
2017/04/07,11:01:47,30.34
2017/04/07,11:01:48,30.34
2017/04/07,11:01:49,30.01
2017/04/07,11:01:50,30.01
2017/04/07,11:01:51,29.67
2017/04/07,11:01:52,29.67
2017/04/07,11:01:53,29.67
2017/04/07,11:01:54,29.67
2017/04/07,11:01:55,29.67
2017/04/07,11:01:56,30.01
2017/04/07,11:01:57,30.01
2017/04/07,11:01:58,30.34
2017/04/07,11:01:59,30.34
2017/04/07,11:02:00,30.68
2017/04/07,11:02:01,30.68
2017/04/07,11:02:02,31.01
2017/04/07,11:02:03,31.34
2017/04/07,11:02:04,31.34
2017/04/07,11:02:05,31.34
2017/04/07,11:02:06,31.01
2017/04/07,11:02:07,31.01
2017/04/07,11:02:08,31.34
2017/04/07,11:02:09,31.34
2017/04/07,11:02:10,31.68
2017/04/07,11:02:11,31.68
2017/04/07,11:02:12,31.68
2017/04/07,11:02:13,31.68
2017/04/07,11:02:14,31.68
2017/04/07,11:02:15,31.68
2017/04/07,11:02:16,31.68
2017/04/07,11:02:17,31.34
2017/04/07,11:02:18,31.34
2017/04/07,11:02:19,31.34
2017/04/07,11:02:20,31.34
2017/04/07,11:02:21,31.34
2017/04/07,11:02:22,31.34
2017/04/07,11:02:23,31.34
2017/04/07,11:02:24,31.01
2017/04/07,11:02:25,30.34
2017/04/07,11:02:26,28.67
2017/04/07,11:02:27,28.00
2017/04/07,11:02:28,28.00
2017/04/07,11:02:29,28.00
2017/04/07,11:02:30,28.34
2017/04/07,11:02:31,28.34
2017/04/07,11:02:32,28.34
2017/04/07,11:02:33,28.67
2017/04/07,11:02:34,28.67
2017/04/07,11:02:35,28.67
2017/04/07,11:02:36,27.67
2017/04/07,11:02:37,55.46
2017/04/07,11:02:38,26.33
2017/04/07,11:02:39,25.65
2017/04/07,11:02:40,24.98
2017/04/07,11:02:41,24.31
2017/04/07,11:02:42,23.98
2017/04/07,11:02:43,23.98
2017/04/07,11:02:44,23.64
2017/04/07,11:02:45,23.64
2017/04/07,11:02:46,23.98
2017/04/07,11:02:47,24.31
2017/04/07,11:02:48,24.65
2017/04/07,11:02:49,24.98
2017/04/07,11:02:50,24.98
2017/04/07,11:02:51,25.32
2017/04/07,11:02:52,25.32
2017/04/07,11:02:53,25.65
2017/04/07,11:02:54,25.65
2017/04/07,11:02:55,25.65
2017/04/07,11:02:56,24.65
2017/04/07,11:02:57,23.98
2017/04/07,11:02:58,26.33
2017/04/07,11:02:59,23.30
2017/04/07,11:03:00,24.31
2017/04/07,11:03:01,24.65
2017/04/07,11:03:02,24.65
2017/04/07,11:03:03,24.65
2017/04/07,11:03:04,24.31
2017/04/07,11:03:05,23.98
2017/04/07,11:03:06,23.64
2017/04/07,11:03:07,23.64
2017/04/07,11:03:08,23.64
2017/04/07,11:03:09,23.64
2017/04/07,11:03:10,23.64
2017/04/07,11:03:11,23.64
2017/04/07,11:03:12,23.98
2017/04/07,11:03:13,23.98
2017/04/07,11:03:14,23.98
2017/04/07,11:03:15,23.98
2017/04/07,11:03:16,23.64
2017/04/07,11:03:17,23.98
2017/04/07,11:03:18,23.64
2017/04/07,11:03:19,23.98
2017/04/07,11:03:20,22.97
2017/04/07,11:03:21,22.63
2017/04/07,11:03:22,22.97
2017/04/07,11:03:23,21.96
2017/04/07,11:03:24,22.97
2017/04/07,11:03:25,22.63
2017/04/07,11:03:26,22.29
2017/04/07,11:03:27,23.30
2017/04/07,11:03:28,23.30
2017/04/07,11:03:29,23.98
2017/04/07,11:03:30,24.31
2017/04/07,11:03:31,23.64
2017/04/07,11:03:32,23.30
2017/04/07,11:03:33,22.97
2017/04/07,11:03:34,23.30
2017/04/07,11:03:35,23.30
2017/04/07,11:03:36,22.97
2017/04/07,11:03:37,23.30
2017/04/07,11:03:38,23.30
2017/04/07,11:03:39,23.30
2017/04/07,11:03:40,23.30
2017/04/07,11:03:41,22.97
2017/04/07,11:03:42,22.63
2017/04/07,11:03:43,22.29
2017/04/07,11:03:44,21.62
2017/04/07,11:03:45,22.63
2017/04/07,11:03:46,21.96
2017/04/07,11:03:47,21.96
2017/04/07,11:03:48,22.29
2017/04/07,11:03:49,22.29
2017/04/07,11:03:50,22.29
2017/04/07,11:03:51,21.96
2017/04/07,11:03:52,22.29
2017/04/07,11:03:53,22.63
2017/04/07,11:03:54,22.97
2017/04/07,11:03:55,22.97
2017/04/07,11:03:56,22.63
2017/04/07,11:03:57,22.63
2017/04/07,11:03:58,22.97
2017/04/07,11:03:59,22.63
2017/04/07,11:04:00,22.63
2017/04/07,11:04:01,22.63
2017/04/07,11:04:02,22.63
2017/04/07,11:04:03,22.29
2017/04/07,11:04:04,21.96
2017/04/07,11:04:05,21.62
2017/04/07,11:04:06,21.28
2017/04/07,11:04:07,21.28
2017/04/07,11:04:08,21.28
2017/04/07,11:04:09,20.95
2017/04/07,11:04:10,20.95
2017/04/07,11:04:11,20.95
2017/04/07,11:04:12,21.28
2017/04/07,11:04:13,21.28
2017/04/07,11:04:14,20.95
2017/04/07,11:04:15,20.95
2017/04/07,11:04:16,21.28
2017/04/07,11:04:17,20.95
2017/04/07,11:04:18,21.28
2017/04/07,11:04:19,22.29
2017/04/07,11:04:20,21.28
2017/04/07,11:04:21,21.28
2017/04/07,11:04:22,21.28
2017/04/07,11:04:23,21.28
2017/04/07,11:04:24,21.28
2017/04/07,11:04:25,21.62
2017/04/07,11:04:26,21.62
2017/04/07,11:04:27,21.62
2017/04/07,11:04:28,21.28
2017/04/07,11:04:29,21.28
2017/04/07,11:04:30,21.28
2017/04/07,11:04:31,21.28
2017/04/07,11:04:32,21.28
2017/04/07,11:04:33,20.95
2017/04/07,11:04:34,20.95
2017/04/07,11:04:35,20.95
2017/04/07,11:04:36,20.95
2017/04/07,11:04:37,-26.75
2017/04/07,11:04:38,-7.33
2017/04/07,11:04:39,9.78
2017/04/07,11:04:40,2.98
2017/04/07,11:04:41,36.34
2017/04/07,11:04:42,74.06
2017/04/07,11:04:43,39.33
2017/04/07,11:04:44,18.92
2017/04/07,11:04:45,20.27
2017/04/07,11:04:46,20.27
2017/04/07,11:04:47,19.93
2017/04/07,11:04:48,19.93
2017/04/07,11:04:49,19.93
2017/04/07,11:04:50,19.93
2017/04/07,11:04:51,19.93
2017/04/07,11:04:52,19.93
2017/04/07,11:04:53,19.93
2017/04/07,11:04:54,19.93
2017/04/07,11:04:55,20.27
2017/04/07,11:04:56,20.27
2017/04/07,11:04:57,20.27
2017/04/07,11:04:58,20.27
2017/04/07,11:04:59,20.61
2017/04/07,11:05:00,20.61
2017/04/07,11:05:01,20.61
2017/04/07,11:05:02,20.61
2017/04/07,11:05:03,20.95
2017/04/07,11:05:04,21.28
2017/04/07,11:05:05,21.28
2017/04/07,11:05:06,21.28
2017/04/07,11:05:07,20.95
2017/04/07,11:05:08,20.95
2017/04/07,11:05:09,20.95
2017/04/07,11:05:10,20.61
2017/04/07,11:05:11,20.61
2017/04/07,11:05:12,20.61
2017/04/07,11:05:13,20.61
2017/04/07,11:05:14,20.61
2017/04/07,11:05:15,20.61
2017/04/07,11:05:16,20.95
2017/04/07,11:05:17,20.95
2017/04/07,11:05:18,20.95
2017/04/07,11:05:19,20.95
2017/04/07,11:05:20,20.95
2017/04/07,11:05:21,20.95
2017/04/07,11:05:22,20.95
2017/04/07,11:05:23,20.95
2017/04/07,11:05:24,20.95
2017/04/07,11:05:25,21.28
2017/04/07,11:05:26,21.28
2017/04/07,11:05:27,21.28
2017/04/07,11:05:28,21.62
2017/04/07,11:05:29,21.62
2017/04/07,11:05:30,21.62
2017/04/07,11:05:31,21.62
2017/04/07,11:05:32,31.01
2017/04/07,11:05:33,23.64
2017/04/07,11:05:34,17.91
2017/04/07,11:05:35,18.92
2017/04/07,11:05:36,10.12
2017/04/07,11:05:37,23.98
2017/04/07,11:05:38,21.62
2017/04/07,11:05:39,19.93
2017/04/07,11:05:40,17.57
2017/04/07,11:05:41,18.92
2017/04/07,11:05:42,28.34
2017/04/07,11:05:43,20.95
2017/04/07,11:05:44,19.60
2017/04/07,11:05:45,21.28
2017/04/07,11:05:46,16.22
2017/04/07,11:05:47,16.22
2017/04/07,11:05:48,19.26
2017/04/07,11:05:49,20.95
2017/04/07,11:05:50,20.95
2017/04/07,11:05:51,19.26
2017/04/07,11:05:52,17.57
2017/04/07,11:05:53,18.92
2017/04/07,11:05:54,17.91
2017/04/07,11:05:55,24.65
2017/04/07,11:05:56,21.62
2017/04/07,11:05:57,21.62
2017/04/07,11:05:58,20.95
2017/04/07,11:05:59,18.25
2017/04/07,11:06:00,24.31
2017/04/07,11:06:01,19.93
2017/04/07,11:06:02,22.63
2017/04/07,11:06:03,22.29
2017/04/07,11:06:04,21.28
2017/04/07,11:06:05,12.15
2017/04/07,11:06:06,6.38
2017/04/07,11:06:07,6.04
2017/04/07,11:06:08,41.97
2017/04/07,11:06:09,24.65
2017/04/07,11:06:10,17.91
2017/04/07,11:06:11,4.00
2017/04/07,11:06:12,9.10
2017/04/07,11:06:13,16.22
2017/04/07,11:06:14,31.68
2017/04/07,11:06:15,3.32
2017/04/07,11:06:16,13.85
2017/04/07,11:06:17,21.28
2017/04/07,11:06:18,19.60
2017/04/07,11:06:19,21.28
2017/04/07,11:06:20,23.30
2017/04/07,11:06:21,20.61
2017/04/07,11:06:22,15.54
2017/04/07,11:06:23,16.22
2017/04/07,11:06:24,40.32
2017/04/07,11:06:25,20.27
2017/04/07,11:06:26,20.95
2017/04/07,11:06:27,13.51
2017/04/07,11:06:28,9.10
2017/04/07,11:06:29,8.76
2017/04/07,11:06:30,22.63
2017/04/07,11:06:31,35.34
2017/04/07,11:06:32,20.61
2017/04/07,11:06:33,12.83
2017/04/07,11:06:34,13.51
2017/04/07,11:06:35,11.14
2017/04/07,11:06:36,49.23
2017/04/07,11:06:37,22.29
2017/04/07,11:06:38,19.60
2017/04/07,11:06:39,20.27
2017/04/07,11:06:40,14.19
2017/04/07,11:06:41,18.92
2017/04/07,11:06:42,16.90
2017/04/07,11:06:43,13.85
2017/04/07,11:06:44,15.88
2017/04/07,11:06:45,24.31
2017/04/07,11:06:46,21.96
2017/04/07,11:06:47,31.68
2017/04/07,11:06:48,9.44
2017/04/07,11:06:49,29.34
2017/04/07,11:06:50,22.97
2017/04/07,11:06:51,22.29
2017/04/07,11:06:52,20.61
2017/04/07,11:06:53,24.98
2017/04/07,11:06:54,21.28
2017/04/07,11:06:55,14.86
2017/04/07,11:06:56,23.64
2017/04/07,11:06:57,18.58
2017/04/07,11:06:58,16.56
2017/04/07,11:06:59,14.19
2017/04/07,11:07:00,24.65
2017/04/07,11:07:01,19.60
2017/04/07,11:07:02,12.83
2017/04/07,11:07:03,32.35
2017/04/07,11:07:04,24.31
2017/04/07,11:07:05,28.00
2017/04/07,11:07:06,21.62
2017/04/07,11:07:07,14.86
2017/04/07,11:07:08,4.68
2017/04/07,11:07:09,9.44
2017/04/07,11:07:10,23.30
2017/04/07,11:07:11,22.63
2017/04/07,11:07:12,20.61
2017/04/07,11:07:13,17.91
2017/04/07,11:07:14,5.36
2017/04/07,11:07:15,9.44
2017/04/07,11:07:16,25.99
2017/04/07,11:07:17,7.74
2017/04/07,11:07:18,11.81
2017/04/07,11:07:19,35.34
2017/04/07,11:07:20,35.34
2017/04/07,11:07:21,21.96
2017/04/07,11:07:22,25.65
2017/04/07,11:07:23,7.74
2017/04/07,11:07:24,5.70
2017/04/07,11:07:25,0.60
2017/04/07,11:07:26,8.08
2017/04/07,11:07:27,48.90
2017/04/07,11:07:28,29.67
2017/04/07,11:07:29,29.01
2017/04/07,11:07:30,21.96
2017/04/07,11:07:31,22.29
2017/04/07,11:07:32,47.91
2017/04/07,11:07:33,57.42
2017/04/07,11:07:34,50.54
2017/04/07,11:07:35,45.28
2017/04/07,11:07:36,18.58
2017/04/07,11:07:37,-0.77
2017/04/07,11:07:38,13.85
2017/04/07,11:07:39,6.72
2017/04/07,11:07:40,8.42
2017/04/07,11:07:41,16.56
2017/04/07,11:07:42,47.25
2017/04/07,11:07:43,30.34
2017/04/07,11:07:44,40.32
2017/04/07,11:07:45,46.92
2017/04/07,11:07:46,32.68
2017/04/07,11:07:47,21.96
2017/04/07,11:07:48,21.62
2017/04/07,11:07:49,52.84
2017/04/07,11:07:50,0.94
2017/04/07,11:07:51,56.44
2017/04/07,11:07:52,63.63
2017/04/07,11:07:53,44.29
2017/04/07,11:07:54,149.71
2017/04/07,11:07:55,-5.25
2017/04/07,11:07:56,-5.59
2017/04/07,11:07:57,21.96
2017/04/07,11:07:58,42.64
2017/04/07,11:07:59,18.58
2017/04/07,11:08:00,65.59
2017/04/07,11:08:01,20.95
2017/04/07,11:08:02,20.61
2017/04/07,11:08:03,20.95
2017/04/07,11:08:04,20.95
2017/04/07,11:08:05,20.95
2017/04/07,11:08:06,20.95
2017/04/07,11:08:07,20.95
2017/04/07,11:08:08,20.95
2017/04/07,11:08:09,20.95
2017/04/07,11:08:10,20.61
2017/04/07,11:08:11,20.61
2017/04/07,11:08:12,20.61
2017/04/07,11:08:13,20.95
2017/04/07,11:08:14,20.61
2017/04/07,11:08:15,20.61
2017/04/07,11:08:16,20.95
2017/04/07,11:08:17,20.95
2017/04/07,11:08:18,20.95
2017/04/07,11:08:19,20.95
2017/04/07,11:08:20,20.95
2017/04/07,11:08:21,20.95
2017/04/07,11:08:22,20.95
2017/04/07,11:08:23,19.93
2017/04/07,11:08:24,20.95
2017/04/07,11:08:25,20.61
2017/04/07,11:08:26,20.61
2017/04/07,11:08:27,20.61
2017/04/07,11:08:28,20.61
2017/04/07,11:08:29,20.61
2017/04/07,11:08:30,20.95
2017/04/07,11:08:31,20.61
2017/04/07,11:08:32,20.61
2017/04/07,11:08:33,20.95
2017/04/07,11:08:34,20.95
2017/04/07,11:08:35,20.95
2017/04/07,11:08:36,20.95
2017/04/07,11:08:37,20.95
2017/04/07,11:08:38,20.95
2017/04/07,11:08:39,20.95
2017/04/07,11:08:40,20.95
2017/04/07,11:08:41,20.95
2017/04/07,11:08:42,20.61
2017/04/07,11:08:43,20.61
2017/04/07,11:08:44,20.61
2017/04/07,11:08:45,20.27
2017/04/07,11:08:46,20.27
2017/04/07,11:08:47,20.61
2017/04/07,11:08:48,20.61
2017/04/07,11:08:49,20.95
2017/04/07,11:08:50,20.95
2017/04/07,11:08:51,21.28
2017/04/07,11:08:52,21.96
2017/04/07,11:08:53,21.96
2017/04/07,11:08:54,21.96
2017/04/07,11:08:55,21.96
2017/04/07,11:08:56,22.63
2017/04/07,11:08:57,22.63
2017/04/07,11:08:58,22.97
2017/04/07,11:08:59,23.30
2017/04/07,11:09:00,23.30
2017/04/07,11:09:01,23.30
2017/04/07,11:09:02,23.64
2017/04/07,11:09:03,23.64
2017/04/07,11:09:04,23.64
2017/04/07,11:09:05,23.64
2017/04/07,11:09:06,23.64
2017/04/07,11:09:07,23.64
2017/04/07,11:09:08,23.64
2017/04/07,11:09:09,23.64
2017/04/07,11:09:10,23.64
2017/04/07,11:09:11,23.64
2017/04/07,11:09:12,23.64
2017/04/07,11:09:13,23.64
2017/04/07,11:09:14,23.64
2017/04/07,11:09:15,23.64
2017/04/07,11:09:16,23.64
2017/04/07,11:09:17,23.64
2017/04/07,11:09:18,23.64
2017/04/07,11:09:19,23.64
2017/04/07,11:09:20,23.64
2017/04/07,11:09:21,23.64
2017/04/07,11:09:22,23.64
2017/04/07,11:09:23,23.64
2017/04/07,11:09:24,23.64
2017/04/07,11:09:25,23.64
2017/04/07,11:09:26,23.64
2017/04/07,11:09:27,23.64
2017/04/07,11:09:28,23.98
2017/04/07,11:09:29,23.64
2017/04/07,11:09:30,23.64
2017/04/07,11:09:31,23.64
2017/04/07,11:09:32,23.64
2017/04/07,11:09:33,23.64
2017/04/07,11:09:34,23.64
2017/04/07,11:09:35,23.64
2017/04/07,11:09:36,23.64
2017/04/07,11:09:37,23.64
2017/04/07,11:09:38,23.30
2017/04/07,11:09:39,23.64
2017/04/07,11:09:40,23.30
2017/04/07,11:09:41,23.64
2017/04/07,11:09:42,23.30
2017/04/07,11:09:43,23.64
2017/04/07,11:09:44,23.64
2017/04/07,11:09:45,23.64
2017/04/07,11:09:46,23.64
2017/04/07,11:09:47,23.64
2017/04/07,11:09:48,23.64
2017/04/07,11:09:49,23.64
2017/04/07,11:09:50,23.64
2017/04/07,11:09:51,23.64
2017/04/07,11:09:52,23.64
2017/04/07,11:09:53,23.64
2017/04/07,11:09:54,24.98
2017/04/07,11:09:55,22.63
2017/04/07,11:09:56,22.97
2017/04/07,11:09:57,22.63
2017/04/07,11:09:58,22.63
2017/04/07,11:09:59,23.64
2017/04/07,11:10:00,24.65
2017/04/07,11:10:01,24.98
2017/04/07,11:10:02,24.65
2017/04/07,11:10:03,24.65
2017/04/07,11:10:04,31.68
2017/04/07,11:10:05,23.98
2017/04/07,11:10:06,23.98
2017/04/07,11:10:07,23.64
2017/04/07,11:10:08,23.30
2017/04/07,11:10:09,22.97
2017/04/07,11:10:10,22.29
2017/04/07,11:10:11,21.96
2017/04/07,11:10:12,21.62
2017/04/07,11:10:13,21.62
2017/04/07,11:10:14,21.28
2017/04/07,11:10:15,21.28
2017/04/07,11:10:16,21.28
2017/04/07,11:10:17,20.95
2017/04/07,11:10:18,20.95
2017/04/07,11:10:19,20.95
2017/04/07,11:10:20,20.95
2017/04/07,11:10:21,20.95
2017/04/07,11:10:22,21.28
2017/04/07,11:10:23,20.95
2017/04/07,11:10:24,20.95
2017/04/07,11:10:25,20.95
2017/04/07,11:10:26,20.95
2017/04/07,11:10:27,21.28
2017/04/07,11:10:28,21.28
2017/04/07,11:10:29,20.95
2017/04/07,11:10:30,20.95
2017/04/07,11:10:31,21.28
2017/04/07,11:10:32,21.28
2017/04/07,11:10:33,21.28
2017/04/07,11:10:34,20.95
2017/04/07,11:10:35,21.28
2017/04/07,11:10:36,20.95
2017/04/07,11:10:37,20.95
2017/04/07,11:10:38,20.95
2017/04/07,11:10:39,21.28
2017/04/07,11:10:40,21.28
2017/04/07,11:10:41,21.28
2017/04/07,11:10:42,21.28
2017/04/07,11:10:43,21.28
2017/04/07,11:10:44,21.28
2017/04/07,11:10:45,21.28
2017/04/07,11:10:46,21.28
2017/04/07,11:10:47,21.28
2017/04/07,11:10:48,21.28
2017/04/07,11:10:49,21.28
2017/04/07,11:10:50,21.28
2017/04/07,11:10:51,21.28
2017/04/07,11:10:52,21.28
2017/04/07,11:10:53,21.28
2017/04/07,11:10:54,21.28
2017/04/07,11:10:55,21.28
2017/04/07,11:10:56,21.28
2017/04/07,11:10:57,21.28
2017/04/07,11:10:58,21.28
2017/04/07,11:10:59,21.28
2017/04/07,11:11:00,21.28
2017/04/07,11:11:01,21.28
2017/04/07,11:11:02,21.28
2017/04/07,11:11:03,21.28
2017/04/07,11:11:04,21.28
2017/04/07,11:11:05,21.28
2017/04/07,11:11:06,21.28
2017/04/07,11:11:07,21.28
2017/04/07,11:11:08,21.28
2017/04/07,11:11:09,21.28
2017/04/07,11:11:10,21.28
2017/04/07,11:11:11,21.28
2017/04/07,11:11:12,21.28
2017/04/07,11:11:13,21.28
2017/04/07,11:11:14,21.28
2017/04/07,11:11:15,21.28
2017/04/07,11:11:16,21.28
2017/04/07,11:11:17,21.28
2017/04/07,11:11:18,21.28
2017/04/07,11:11:19,21.28
2017/04/07,11:11:20,21.28
2017/04/07,11:11:21,21.28
2017/04/07,11:11:22,21.28
2017/04/07,11:11:23,21.28
2017/04/07,11:11:24,21.28
2017/04/07,11:11:25,21.28
2017/04/07,11:11:26,21.28
2017/04/07,11:11:27,21.28
2017/04/07,11:11:28,21.28
2017/04/07,11:11:29,20.95
2017/04/07,11:11:30,20.95
2017/04/07,11:11:31,21.28
2017/04/07,11:11:32,21.28
2017/04/07,11:11:33,21.28
2017/04/07,11:11:34,21.28
2017/04/07,11:11:35,21.28
2017/04/07,11:11:36,21.28
2017/04/07,11:11:37,21.28
2017/04/07,11:11:38,21.28
2017/04/07,11:11:39,21.28
2017/04/07,11:11:40,21.28
2017/04/07,11:11:41,21.28
2017/04/07,11:11:42,21.28
2017/04/07,11:11:43,21.28
2017/04/07,11:11:44,21.28
2017/04/07,11:11:45,21.28
2017/04/07,11:11:46,21.28
2017/04/07,11:11:47,21.28
2017/04/07,11:11:48,21.28
2017/04/07,11:11:49,21.28
2017/04/07,11:11:50,21.28
2017/04/07,11:11:51,21.28
2017/04/07,11:11:52,21.28
2017/04/07,11:11:53,21.28
2017/04/07,11:11:54,21.28
2017/04/07,11:11:55,20.95
2017/04/07,11:11:56,20.95
2017/04/07,11:11:57,20.95
2017/04/07,11:11:58,21.28
2017/04/07,11:11:59,20.95
2017/04/07,11:12:00,20.95
2017/04/07,11:12:01,20.95
2017/04/07,11:12:02,20.95
2017/04/07,11:12:03,20.95
2017/04/07,11:12:04,20.95
2017/04/07,11:12:05,20.95
2017/04/07,11:12:06,20.95
2017/04/07,11:12:07,20.95
2017/04/07,11:12:08,20.95
2017/04/07,11:12:09,20.95
2017/04/07,11:12:10,20.95
2017/04/07,11:12:11,21.28
2017/04/07,11:12:12,21.28
2017/04/07,11:12:13,21.28
2017/04/07,11:12:14,21.28
2017/04/07,11:12:15,21.28
2017/04/07,11:12:16,21.28
2017/04/07,11:12:17,21.28
2017/04/07,11:12:18,21.28
2017/04/07,11:12:19,21.28
2017/04/07,11:12:20,21.28
2017/04/07,11:12:21,21.28
2017/04/07,11:12:22,21.28
2017/04/07,11:12:23,21.28
2017/04/07,11:12:24,21.28
2017/04/07,11:12:25,21.28
2017/04/07,11:12:26,21.28
2017/04/07,11:12:27,21.28
2017/04/07,11:12:28,21.28
2017/04/07,11:12:29,21.28
2017/04/07,11:12:30,21.28
2017/04/07,11:12:31,21.28
2017/04/07,11:12:32,21.28
2017/04/07,11:12:33,21.28
2017/04/07,11:12:34,21.28
2017/04/07,11:12:35,21.28
2017/04/07,11:12:36,21.28
2017/04/07,11:12:37,21.28
2017/04/07,11:12:38,21.28
2017/04/07,11:12:39,21.28
2017/04/07,11:12:40,21.28
2017/04/07,11:12:41,21.28
2017/04/07,11:12:42,21.28
2017/04/07,11:12:43,21.28
2017/04/07,11:12:44,21.28
2017/04/07,11:12:45,21.28
2017/04/07,11:12:46,21.28
2017/04/07,11:12:47,21.28
2017/04/07,11:12:48,20.95
2017/04/07,11:12:49,20.95
2017/04/07,11:12:50,21.28
2017/04/07,11:12:51,21.28
2017/04/07,11:12:52,21.28
2017/04/07,11:12:53,20.95
2017/04/07,11:12:54,20.95
2017/04/07,11:12:55,20.95
2017/04/07,11:12:56,20.95
2017/04/07,11:12:57,20.95
2017/04/07,11:12:58,20.95
2017/04/07,11:12:59,21.28
2017/04/07,11:13:00,21.28
2017/04/07,11:13:01,21.28
2017/04/07,11:13:02,20.95
2017/04/07,11:13:03,20.95
2017/04/07,11:13:04,20.95
2017/04/07,11:13:05,20.95
2017/04/07,11:13:06,21.28
2017/04/07,11:13:07,21.28
2017/04/07,11:13:08,21.28
2017/04/07,11:13:09,21.28
2017/04/07,11:13:10,21.28
2017/04/07,11:13:11,21.28
2017/04/07,11:13:12,21.28
2017/04/07,11:13:13,21.28
2017/04/07,11:13:14,21.28
2017/04/07,11:13:15,21.28
2017/04/07,11:13:16,21.28
2017/04/07,11:13:17,20.95
2017/04/07,11:13:18,20.95
2017/04/07,11:13:19,21.28
2017/04/07,11:13:20,21.28
2017/04/07,11:13:21,21.28
2017/04/07,11:13:22,21.28
2017/04/07,11:13:23,21.28
2017/04/07,11:13:24,21.28
2017/04/07,11:13:25,21.28
2017/04/07,11:13:26,21.28
2017/04/07,11:13:27,21.28
2017/04/07,11:13:28,21.28
2017/04/07,11:13:29,21.28
2017/04/07,11:13:30,21.28
2017/04/07,11:13:31,20.95
2017/04/07,11:13:32,20.95
2017/04/07,11:13:33,20.95
2017/04/07,11:13:34,20.95
2017/04/07,11:13:35,20.95
2017/04/07,11:13:36,20.95
2017/04/07,11:13:37,20.95
2017/04/07,11:13:38,20.95
2017/04/07,11:13:39,20.95
2017/04/07,11:13:40,21.28
2017/04/07,11:13:41,20.95
2017/04/07,11:13:42,20.95
2017/04/07,11:13:43,21.28
2017/04/07,11:13:44,21.28
2017/04/07,11:13:45,21.28
2017/04/07,11:13:46,21.28
2017/04/07,11:13:47,21.28
2017/04/07,11:13:48,21.28
2017/04/07,11:13:49,21.28
2017/04/07,11:13:50,21.28
2017/04/07,11:13:51,21.28
2017/04/07,11:13:52,21.28
2017/04/07,11:13:53,21.28
2017/04/07,11:13:54,21.28
2017/04/07,11:13:55,21.28
2017/04/07,11:13:56,21.28
2017/04/07,11:13:57,21.28
2017/04/07,11:13:58,21.28
2017/04/07,11:13:59,21.28
2017/04/07,11:14:00,21.28
2017/04/07,11:14:01,21.28
2017/04/07,11:14:02,21.28
2017/04/07,11:14:03,21.28
2017/04/07,11:14:04,21.28
2017/04/07,11:14:05,21.28
2017/04/07,11:14:06,21.28
2017/04/07,11:14:07,21.28
2017/04/07,11:14:08,21.28
2017/04/07,11:14:09,21.28
2017/04/07,11:14:10,21.28
2017/04/07,11:14:11,21.28
2017/04/07,11:14:12,21.28
2017/04/07,11:14:13,21.28
2017/04/07,11:14:14,21.28
2017/04/07,11:14:15,21.28
2017/04/07,11:14:16,21.28
2017/04/07,11:14:17,21.28
2017/04/07,11:14:18,21.28
2017/04/07,11:14:19,21.28
2017/04/07,11:14:20,21.28
2017/04/07,11:14:21,21.28
2017/04/07,11:14:22,21.28
2017/04/07,11:14:23,21.28
2017/04/07,11:14:24,21.28
2017/04/07,11:14:25,21.28
2017/04/07,11:14:26,21.28
2017/04/07,11:14:27,21.28
2017/04/07,11:14:28,21.28
2017/04/07,11:14:29,21.28
2017/04/07,11:14:30,21.28
2017/04/07,11:14:31,21.28
2017/04/07,11:14:32,21.28
2017/04/07,11:14:33,21.28
2017/04/07,11:14:34,21.28
2017/04/07,11:14:35,21.28
2017/04/07,11:14:36,21.28
2017/04/07,11:14:37,21.28
2017/04/07,11:14:38,21.28
2017/04/07,11:14:39,21.28
2017/04/07,11:14:40,21.28
2017/04/07,11:14:41,21.28
2017/04/07,11:14:42,21.28
2017/04/07,11:14:43,21.28
2017/04/07,11:14:44,21.28
2017/04/07,11:14:45,21.28
2017/04/07,11:14:46,21.28
2017/04/07,11:14:47,21.28
2017/04/07,11:14:48,21.28
2017/04/07,11:14:49,21.28
2017/04/07,11:14:50,21.28
2017/04/07,11:14:51,21.28
2017/04/07,11:14:52,21.28
2017/04/07,11:14:53,21.28
2017/04/07,11:14:54,21.28
2017/04/07,11:14:55,21.28
2017/04/07,11:14:56,21.28
2017/04/07,11:14:57,21.28
2017/04/07,11:14:58,21.28
2017/04/07,11:14:59,21.28
2017/04/07,11:15:00,21.28
2017/04/07,11:15:01,21.28
2017/04/07,11:15:02,21.28
2017/04/07,11:15:03,21.28
2017/04/07,11:15:04,21.28
2017/04/07,11:15:05,21.28
2017/04/07,11:15:06,21.28
2017/04/07,11:15:07,21.28
2017/04/07,11:15:08,21.28
2017/04/07,11:15:09,21.28
2017/04/07,11:15:10,21.28
2017/04/07,11:15:11,21.28
2017/04/07,11:15:12,21.62
2017/04/07,11:15:13,21.28
2017/04/07,11:15:14,21.28
2017/04/07,11:15:15,21.28
2017/04/07,11:15:16,21.28
2017/04/07,11:15:17,21.28
2017/04/07,11:15:18,21.28
2017/04/07,11:15:19,21.62
2017/04/07,11:15:20,21.28
2017/04/07,11:15:21,21.62
2017/04/07,11:15:22,21.28
2017/04/07,11:15:23,21.62
2017/04/07,11:15:24,21.28
2017/04/07,11:15:25,21.28
2017/04/07,11:15:26,21.28
2017/04/07,11:15:27,21.62
2017/04/07,11:15:28,21.62
2017/04/07,11:15:29,21.62
2017/04/07,11:15:30,21.96
2017/04/07,11:15:31,21.96
2017/04/07,11:15:32,21.62
2017/04/07,11:15:33,21.96
2017/04/07,11:15:34,21.62
2017/04/07,11:15:35,21.96
2017/04/07,11:15:36,21.96
2017/04/07,11:15:37,21.96
2017/04/07,11:15:38,21.96
2017/04/07,11:15:39,21.96
2017/04/07,11:15:40,21.96
2017/04/07,11:15:41,21.96
2017/04/07,11:15:42,21.96
2017/04/07,11:15:43,21.96
2017/04/07,11:15:44,21.96
2017/04/07,11:15:45,21.96
2017/04/07,11:15:46,21.96
2017/04/07,11:15:47,21.96
2017/04/07,11:15:48,21.96
2017/04/07,11:15:49,21.96
2017/04/07,11:15:50,21.96
2017/04/07,11:15:51,21.96
2017/04/07,11:15:52,21.96
2017/04/07,11:15:53,21.96
2017/04/07,11:15:54,21.96
2017/04/07,11:15:55,21.96
2017/04/07,11:15:56,21.96
2017/04/07,11:15:57,21.96
2017/04/07,11:15:58,21.96
2017/04/07,11:15:59,21.96
2017/04/07,11:16:00,21.96
2017/04/07,11:16:01,21.96
2017/04/07,11:16:02,21.96
2017/04/07,11:16:03,21.96
2017/04/07,11:16:04,21.96
2017/04/07,11:16:05,21.96
2017/04/07,11:16:06,21.96
2017/04/07,11:16:07,21.96
2017/04/07,11:16:08,21.96
2017/04/07,11:16:09,21.96
2017/04/07,11:16:10,21.96
2017/04/07,11:16:11,21.96
2017/04/07,11:16:12,21.96
2017/04/07,11:16:13,21.96
2017/04/07,11:16:14,21.96
2017/04/07,11:16:15,21.96
2017/04/07,11:16:16,21.96
2017/04/07,11:16:17,21.96
2017/04/07,11:16:18,21.96
2017/04/07,11:16:19,21.96
2017/04/07,11:16:20,21.96
2017/04/07,11:16:21,21.96
2017/04/07,11:16:22,21.96
2017/04/07,11:16:23,21.96
2017/04/07,11:16:24,21.96
2017/04/07,11:16:25,21.96
2017/04/07,11:16:26,22.63
2017/04/07,11:16:27,22.63
2017/04/07,11:16:28,22.63
2017/04/07,11:16:29,21.96
2017/04/07,11:16:30,22.29
2017/04/07,11:16:31,21.96
2017/04/07,11:16:32,22.29
2017/04/07,11:16:33,22.29
2017/04/07,11:16:34,22.29
2017/04/07,11:16:35,22.29
2017/04/07,11:16:36,22.29
2017/04/07,11:16:37,22.29
2017/04/07,11:16:38,22.29
2017/04/07,11:16:39,22.29
2017/04/07,11:16:40,22.29
2017/04/07,11:16:41,22.29
